short,full
"Woodward & Hildrew (2001); Woodward et al., in press.","Woodward & Hildrew (2001); Woodward et al., in press."
"Cattin Blandenier (2004)","Cattin Blandenier, M.-F. 2004. Food web ecology: models and application to conservation."
"Cohen et al. (2005)","Cohen, J. E., T. Jonsson, C. B. Muller, H. C. J. Godfray, and V. M. Savage. 2005. Body sizes of hosts and parasitoids in individual feeding relationships. Proceedings of The National Academy of Sciences of The United States of America 102:684–689."
"Dawah et al. (1995)","Dawah, H. A., B. A. Hawkins, and M. F. Claridge. 1995. Structure of the Parasitoid Communities of Grass-Feeding Chalcid Wasps. Journal of Animal Ecology 64:708–720."
"Dell, unpublished","Dell, unpublished"
"Hansen et al. (1994)","Hansen, B., P. K. Bjornsen, and P. J. Hansen. 1994. The Size Ratio between Planktonic Predators and Their Prey. Limnology and Oceanography 39:395–403."
"Harper-Smith et al., in press","Harper-Smith, S., E. L. Berlow, R. A. Knapp, R. J. Williams, and N. D. Martinez. In press. Communicating ecology through food webs: Visualizing and quantifying the effects of stocking alpine lakes with fish. in P. De Ruiter, J. C. Moore, and V. Wolters, editors. Dynamic Food Webs: Multispecies assemblages, ecosystem development, and environmental change. Elsevier/Academic Press."
"Jacob, Brey & Mintenbeck unpublished","Jacob, Brey & Mintenbeck unpublished"
"Jonsson et al. (2004)","Jonsson, T., J. E. Cohen, and S. R. Carpenter. 2005. Food webs, body size, and species abundance in ecological community description. Advances in Ecological Research 36:1–84."
"Ledger, Edwards & Woodward unpublished","Ledger, Edwards & Woodward unpublished"
"Memmott et al. (2000)","Memmott, J., N. D. Martinez, and J. E. Cohen. 2000. Predators, parasitoids and pathogens: species richness, trophic generality and body sizes in a natural food web. Journal of Animal Ecology 69:1–15."
"Pinnegar et al. 2003","Pinnegar, J. K., V. M. Trenkel, A. N. Tidd, W. A. Dawson, and M. H. DuBuit. 2003. Does diet in Celtic Sea fishes reflect prey availability? Journal of Fish Biology 63 (Supplement A):197–212."
"Rayner, unpublished","Rayner, unpublished"
"Ruess, unpublished","Ruess, unpublished"
"Scharf et al. (2000)","Scharf, F. S., F. Juanes, and R. A. Rountree. 2000. Predator size - prey size relationships of marine fish predators: interspecific variation and effects of ontogeny and body size on trophic-niche breadth. Marine Ecology-Progress Series 208:229–248."
"Ulrich (1999)","Ulrich, W. 1999. Species composition, coexistence and mortality factors in a carrion-exploiting community composed of necrophagous Diptera and their parasitoids (Hymenoptera). Polish Journal of Ecology 47:49–72."
"Ulrich (2001)","Ulrich, W. 2001. Hymenopteren in einem Kalkbuchenwald: Eine Modellgruppe zur Untersuchung von Tiergemeinschaften und ökologischen Raum-Zeit-Mustern. Schriftenreihe Forschungszentrum Waldökosysteme A 171:1–249."
"Warren, P. H. 1989. Oikos 55: 299-311","Warren, P. H. 1989. Spatial and Temporal Variation in the Structure of a Fresh-Water Food Web. Oikos 55:299–311."
"Warren, P. H. 1989. Oikos 55: 299-312","Warren, P. H. 1989. Spatial and Temporal Variation in the Structure of a Fresh-Water Food Web. Oikos 55:299–311."
"Warren, P. H. 1989. Oikos 55: 299-313","Warren, P. H. 1989. Spatial and Temporal Variation in the Structure of a Fresh-Water Food Web. Oikos 55:299–311."
"Warren, P. H. 1989. Oikos 55: 299-314","Warren, P. H. 1989. Spatial and Temporal Variation in the Structure of a Fresh-Water Food Web. Oikos 55:299–311."
"Warren, P. H. 1989. Oikos 55: 299-315","Warren, P. H. 1989. Spatial and Temporal Variation in the Structure of a Fresh-Water Food Web. Oikos 55:299–311."
"Warren, P. H. 1989. Oikos 55: 299-316","Warren, P. H. 1989. Spatial and Temporal Variation in the Structure of a Fresh-Water Food Web. Oikos 55:299–311."
"Warren, P. H. 1989. Oikos 55: 299-317","Warren, P. H. 1989. Spatial and Temporal Variation in the Structure of a Fresh-Water Food Web. Oikos 55:299–311."
"Warren, P. H. 1989. Oikos 55: 299-318","Warren, P. H. 1989. Spatial and Temporal Variation in the Structure of a Fresh-Water Food Web. Oikos 55:299–311."
"Warren, P. H. 1989. Oikos 55: 299-322","Warren, P. H. 1989. Spatial and Temporal Variation in the Structure of a Fresh-Water Food Web. Oikos 55:299–311."
"Warren, P. H. 1989. Oikos 55: 299-324","Warren, P. H. 1989. Spatial and Temporal Variation in the Structure of a Fresh-Water Food Web. Oikos 55:299–311."
"Warren, P. H. 1989. Oikos 55: 299-325","Warren, P. H. 1989. Spatial and Temporal Variation in the Structure of a Fresh-Water Food Web. Oikos 55:299–311."
"Warren, P. H. 1989. Oikos 55: 299-326","Warren, P. H. 1989. Spatial and Temporal Variation in the Structure of a Fresh-Water Food Web. Oikos 55:299–311."
"Warren, P. H. 1989. Oikos 55: 299-327","Warren, P. H. 1989. Spatial and Temporal Variation in the Structure of a Fresh-Water Food Web. Oikos 55:299–311."
"Warren, P. H. 1989. Oikos 55: 299-328","Warren, P. H. 1989. Spatial and Temporal Variation in the Structure of a Fresh-Water Food Web. Oikos 55:299–311."
"Warren, P. H. 1989. Oikos 55: 299-329","Warren, P. H. 1989. Spatial and Temporal Variation in the Structure of a Fresh-Water Food Web. Oikos 55:299–311."
"Warren, P. H. 1989. Oikos 55: 299-330","Warren, P. H. 1989. Spatial and Temporal Variation in the Structure of a Fresh-Water Food Web. Oikos 55:299–311."
"Warren, P. H. 1989. Oikos 55: 299-331","Warren, P. H. 1989. Spatial and Temporal Variation in the Structure of a Fresh-Water Food Web. Oikos 55:299–311."
"Warren, P. H. 1989. Oikos 55: 299-332","Warren, P. H. 1989. Spatial and Temporal Variation in the Structure of a Fresh-Water Food Web. Oikos 55:299–311."
"Warren, P. H. 1989. Oikos 55: 299-333","Warren, P. H. 1989. Spatial and Temporal Variation in the Structure of a Fresh-Water Food Web. Oikos 55:299–311."
"Warren, P. H. 1989. Oikos 55: 299-334","Warren, P. H. 1989. Spatial and Temporal Variation in the Structure of a Fresh-Water Food Web. Oikos 55:299–311."
"Warren, P. H. 1989. Oikos 55: 299-335","Warren, P. H. 1989. Spatial and Temporal Variation in the Structure of a Fresh-Water Food Web. Oikos 55:299–311."
"Warren, P. H. 1989. Oikos 55: 299-336","Warren, P. H. 1989. Spatial and Temporal Variation in the Structure of a Fresh-Water Food Web. Oikos 55:299–311."
"Warren, P. H. 1989. Oikos 55: 299-337","Warren, P. H. 1989. Spatial and Temporal Variation in the Structure of a Fresh-Water Food Web. Oikos 55:299–311."
"Warren, P. H. 1989. Oikos 55: 299-338","Warren, P. H. 1989. Spatial and Temporal Variation in the Structure of a Fresh-Water Food Web. Oikos 55:299–311."
"Warren, P. H. 1989. Oikos 55: 299-339","Warren, P. H. 1989. Spatial and Temporal Variation in the Structure of a Fresh-Water Food Web. Oikos 55:299–311."
"Warren, P. H. 1989. Oikos 55: 299-340","Warren, P. H. 1989. Spatial and Temporal Variation in the Structure of a Fresh-Water Food Web. Oikos 55:299–311."
"Warren, P. H. 1989. Oikos 55: 299-341","Warren, P. H. 1989. Spatial and Temporal Variation in the Structure of a Fresh-Water Food Web. Oikos 55:299–311."
"Warren, P. H. 1989. Oikos 55: 299-344","Warren, P. H. 1989. Spatial and Temporal Variation in the Structure of a Fresh-Water Food Web. Oikos 55:299–311."
"Warren, P. H. 1989. Oikos 55: 299-345","Warren, P. H. 1989. Spatial and Temporal Variation in the Structure of a Fresh-Water Food Web. Oikos 55:299–311."
"Warren, P. H. 1989. Oikos 55: 299-346","Warren, P. H. 1989. Spatial and Temporal Variation in the Structure of a Fresh-Water Food Web. Oikos 55:299–311."
"Warren, P. H. 1989. Oikos 55: 299-347","Warren, P. H. 1989. Spatial and Temporal Variation in the Structure of a Fresh-Water Food Web. Oikos 55:299–311."
"Warren, P. H. 1989. Oikos 55: 299-348","Warren, P. H. 1989. Spatial and Temporal Variation in the Structure of a Fresh-Water Food Web. Oikos 55:299–311."
"Warren, P. H. 1989. Oikos 55: 299-349","Warren, P. H. 1989. Spatial and Temporal Variation in the Structure of a Fresh-Water Food Web. Oikos 55:299–311."
"Warren, P. H. 1989. Oikos 55: 299-350","Warren, P. H. 1989. Spatial and Temporal Variation in the Structure of a Fresh-Water Food Web. Oikos 55:299–311."
"Warren, P. H. 1989. Oikos 55: 299-351","Warren, P. H. 1989. Spatial and Temporal Variation in the Structure of a Fresh-Water Food Web. Oikos 55:299–311."
"Warren, P. H. 1989. Oikos 55: 299-353","Warren, P. H. 1989. Spatial and Temporal Variation in the Structure of a Fresh-Water Food Web. Oikos 55:299–311."
"Warren, P. H. 1989. Oikos 55: 299-354","Warren, P. H. 1989. Spatial and Temporal Variation in the Structure of a Fresh-Water Food Web. Oikos 55:299–311."
"Warren, P. H. 1989. Oikos 55: 299-355","Warren, P. H. 1989. Spatial and Temporal Variation in the Structure of a Fresh-Water Food Web. Oikos 55:299–311."
"Warren, P. H. 1989. Oikos 55: 299-356","Warren, P. H. 1989. Spatial and Temporal Variation in the Structure of a Fresh-Water Food Web. Oikos 55:299–311."
"Warren, P. H. 1989. Oikos 55: 299-357","Warren, P. H. 1989. Spatial and Temporal Variation in the Structure of a Fresh-Water Food Web. Oikos 55:299–311."
"Warren, P. H. 1989. Oikos 55: 299-358","Warren, P. H. 1989. Spatial and Temporal Variation in the Structure of a Fresh-Water Food Web. Oikos 55:299–311."
"Warren, P. H. 1989. Oikos 55: 299-359","Warren, P. H. 1989. Spatial and Temporal Variation in the Structure of a Fresh-Water Food Web. Oikos 55:299–311."
"Warren, P. H. 1989. Oikos 55: 299-360","Warren, P. H. 1989. Spatial and Temporal Variation in the Structure of a Fresh-Water Food Web. Oikos 55:299–311."
"Warren, P. H. 1989. Oikos 55: 299-361","Warren, P. H. 1989. Spatial and Temporal Variation in the Structure of a Fresh-Water Food Web. Oikos 55:299–311."
"Warren, P. H. 1989. Oikos 55: 299-362","Warren, P. H. 1989. Spatial and Temporal Variation in the Structure of a Fresh-Water Food Web. Oikos 55:299–311."
"Warren, P. H. 1989. Oikos 55: 299-363","Warren, P. H. 1989. Spatial and Temporal Variation in the Structure of a Fresh-Water Food Web. Oikos 55:299–311."
"Warren, P. H. 1989. Oikos 55: 299-364","Warren, P. H. 1989. Spatial and Temporal Variation in the Structure of a Fresh-Water Food Web. Oikos 55:299–311."
"Warren, P. H. 1989. Oikos 55: 299-365","Warren, P. H. 1989. Spatial and Temporal Variation in the Structure of a Fresh-Water Food Web. Oikos 55:299–311."
"Warren, P. H. 1989. Oikos 55: 299-366","Warren, P. H. 1989. Spatial and Temporal Variation in the Structure of a Fresh-Water Food Web. Oikos 55:299–311."
"Warren, P. H. 1989. Oikos 55: 299-367","Warren, P. H. 1989. Spatial and Temporal Variation in the Structure of a Fresh-Water Food Web. Oikos 55:299–311."
"Warren, P. H. 1989. Oikos 55: 299-368","Warren, P. H. 1989. Spatial and Temporal Variation in the Structure of a Fresh-Water Food Web. Oikos 55:299–311."
"Warren, P. H. 1989. Oikos 55: 299-369","Warren, P. H. 1989. Spatial and Temporal Variation in the Structure of a Fresh-Water Food Web. Oikos 55:299–311."
"Warren, P. H. 1989. Oikos 55: 299-370","Warren, P. H. 1989. Spatial and Temporal Variation in the Structure of a Fresh-Water Food Web. Oikos 55:299–311."
"Warren, P. H. 1989. Oikos 55: 299-371","Warren, P. H. 1989. Spatial and Temporal Variation in the Structure of a Fresh-Water Food Web. Oikos 55:299–311."
"Warren, P. H. 1989. Oikos 55: 299-372","Warren, P. H. 1989. Spatial and Temporal Variation in the Structure of a Fresh-Water Food Web. Oikos 55:299–311."
"Warren, P. H. 1989. Oikos 55: 299-373","Warren, P. H. 1989. Spatial and Temporal Variation in the Structure of a Fresh-Water Food Web. Oikos 55:299–311."
"Warren, P. H. 1989. Oikos 55: 299-374","Warren, P. H. 1989. Spatial and Temporal Variation in the Structure of a Fresh-Water Food Web. Oikos 55:299–311."
"Warren, P. H. 1989. Oikos 55: 299-375","Warren, P. H. 1989. Spatial and Temporal Variation in the Structure of a Fresh-Water Food Web. Oikos 55:299–311."
"Warren, P. H. 1989. Oikos 55: 299-376","Warren, P. H. 1989. Spatial and Temporal Variation in the Structure of a Fresh-Water Food Web. Oikos 55:299–311."
"Warren, P. H. 1989. Oikos 55: 299-377","Warren, P. H. 1989. Spatial and Temporal Variation in the Structure of a Fresh-Water Food Web. Oikos 55:299–311."
"Warren, P. H. 1989. Oikos 55: 299-378","Warren, P. H. 1989. Spatial and Temporal Variation in the Structure of a Fresh-Water Food Web. Oikos 55:299–311."
"Warren, P. H. 1989. Oikos 55: 299-380","Warren, P. H. 1989. Spatial and Temporal Variation in the Structure of a Fresh-Water Food Web. Oikos 55:299–311."
"Warren, P. H. 1989. Oikos 55: 299-381","Warren, P. H. 1989. Spatial and Temporal Variation in the Structure of a Fresh-Water Food Web. Oikos 55:299–311."
"Warren, P. H. 1989. Oikos 55: 299-382","Warren, P. H. 1989. Spatial and Temporal Variation in the Structure of a Fresh-Water Food Web. Oikos 55:299–311."
"Warren, P. H. 1989. Oikos 55: 299-383","Warren, P. H. 1989. Spatial and Temporal Variation in the Structure of a Fresh-Water Food Web. Oikos 55:299–311."
"Warren, P. H. 1989. Oikos 55: 299-384","Warren, P. H. 1989. Spatial and Temporal Variation in the Structure of a Fresh-Water Food Web. Oikos 55:299–311."
"Warren, P. H. 1989. Oikos 55: 299-385","Warren, P. H. 1989. Spatial and Temporal Variation in the Structure of a Fresh-Water Food Web. Oikos 55:299–311."
"Warren, P. H. 1989. Oikos 55: 299-386","Warren, P. H. 1989. Spatial and Temporal Variation in the Structure of a Fresh-Water Food Web. Oikos 55:299–311."
"Warren, P. H. 1989. Oikos 55: 299-387","Warren, P. H. 1989. Spatial and Temporal Variation in the Structure of a Fresh-Water Food Web. Oikos 55:299–311."
"Warren, P. H. 1989. Oikos 55: 299-388","Warren, P. H. 1989. Spatial and Temporal Variation in the Structure of a Fresh-Water Food Web. Oikos 55:299–311."
"Warren, P. H. 1989. Oikos 55: 299-389","Warren, P. H. 1989. Spatial and Temporal Variation in the Structure of a Fresh-Water Food Web. Oikos 55:299–311."
"Warren, P. H. 1989. Oikos 55: 299-390","Warren, P. H. 1989. Spatial and Temporal Variation in the Structure of a Fresh-Water Food Web. Oikos 55:299–311."
"Warren, P. H. 1989. Oikos 55: 299-391","Warren, P. H. 1989. Spatial and Temporal Variation in the Structure of a Fresh-Water Food Web. Oikos 55:299–311."
"Warren, P. H. 1989. Oikos 55: 299-392","Warren, P. H. 1989. Spatial and Temporal Variation in the Structure of a Fresh-Water Food Web. Oikos 55:299–311."
"Warren, P. H. 1989. Oikos 55: 299-393","Warren, P. H. 1989. Spatial and Temporal Variation in the Structure of a Fresh-Water Food Web. Oikos 55:299–311."
"Warren, P. H. 1989. Oikos 55: 299-394","Warren, P. H. 1989. Spatial and Temporal Variation in the Structure of a Fresh-Water Food Web. Oikos 55:299–311."
"Warren, P. H. 1989. Oikos 55: 299-395","Warren, P. H. 1989. Spatial and Temporal Variation in the Structure of a Fresh-Water Food Web. Oikos 55:299–311."
"Warren, P. H. 1989. Oikos 55: 299-396","Warren, P. H. 1989. Spatial and Temporal Variation in the Structure of a Fresh-Water Food Web. Oikos 55:299–311."
"Warren, P. H. 1989. Oikos 55: 299-397","Warren, P. H. 1989. Spatial and Temporal Variation in the Structure of a Fresh-Water Food Web. Oikos 55:299–311."
"Warren, P. H. 1989. Oikos 55: 299-398","Warren, P. H. 1989. Spatial and Temporal Variation in the Structure of a Fresh-Water Food Web. Oikos 55:299–311."
"Warren, P. H. 1989. Oikos 55: 299-399","Warren, P. H. 1989. Spatial and Temporal Variation in the Structure of a Fresh-Water Food Web. Oikos 55:299–311."
"Warren, P. H. 1989. Oikos 55: 299-400","Warren, P. H. 1989. Spatial and Temporal Variation in the Structure of a Fresh-Water Food Web. Oikos 55:299–311."
"Warren, P. H. 1989. Oikos 55: 299-401","Warren, P. H. 1989. Spatial and Temporal Variation in the Structure of a Fresh-Water Food Web. Oikos 55:299–311."
"Warren, P. H. 1989. Oikos 55: 299-402","Warren, P. H. 1989. Spatial and Temporal Variation in the Structure of a Fresh-Water Food Web. Oikos 55:299–311."
"Warren, P. H. 1989. Oikos 55: 299-403","Warren, P. H. 1989. Spatial and Temporal Variation in the Structure of a Fresh-Water Food Web. Oikos 55:299–311."
"Warren, P. H. 1989. Oikos 55: 299-404","Warren, P. H. 1989. Spatial and Temporal Variation in the Structure of a Fresh-Water Food Web. Oikos 55:299–311."
"Warren, P. H. 1989. Oikos 55: 299-405","Warren, P. H. 1989. Spatial and Temporal Variation in the Structure of a Fresh-Water Food Web. Oikos 55:299–311."
"Warren, P. H. 1989. Oikos 55: 299-407","Warren, P. H. 1989. Spatial and Temporal Variation in the Structure of a Fresh-Water Food Web. Oikos 55:299–311."
"Warren, P. H. 1989. Oikos 55: 299-408","Warren, P. H. 1989. Spatial and Temporal Variation in the Structure of a Fresh-Water Food Web. Oikos 55:299–311."
"Warren, P. H. 1989. Oikos 55: 299-409","Warren, P. H. 1989. Spatial and Temporal Variation in the Structure of a Fresh-Water Food Web. Oikos 55:299–311."
"Warren, P. H. 1989. Oikos 55: 299-410","Warren, P. H. 1989. Spatial and Temporal Variation in the Structure of a Fresh-Water Food Web. Oikos 55:299–311."
"Warren, P. H. 1989. Oikos 55: 299-411","Warren, P. H. 1989. Spatial and Temporal Variation in the Structure of a Fresh-Water Food Web. Oikos 55:299–311."
"Warren, P. H. 1989. Oikos 55: 299-412","Warren, P. H. 1989. Spatial and Temporal Variation in the Structure of a Fresh-Water Food Web. Oikos 55:299–311."
"Warren, P. H. 1989. Oikos 55: 299-413","Warren, P. H. 1989. Spatial and Temporal Variation in the Structure of a Fresh-Water Food Web. Oikos 55:299–311."
"Warren, P. H. 1989. Oikos 55: 299-414","Warren, P. H. 1989. Spatial and Temporal Variation in the Structure of a Fresh-Water Food Web. Oikos 55:299–311."
"Warren, P. H. 1989. Oikos 55: 299-415","Warren, P. H. 1989. Spatial and Temporal Variation in the Structure of a Fresh-Water Food Web. Oikos 55:299–311."
"Warren, P. H. 1989. Oikos 55: 299-416","Warren, P. H. 1989. Spatial and Temporal Variation in the Structure of a Fresh-Water Food Web. Oikos 55:299–311."
"Warren, P. H. 1989. Oikos 55: 299-417","Warren, P. H. 1989. Spatial and Temporal Variation in the Structure of a Fresh-Water Food Web. Oikos 55:299–311."
"Warren, P. H. 1989. Oikos 55: 299-418","Warren, P. H. 1989. Spatial and Temporal Variation in the Structure of a Fresh-Water Food Web. Oikos 55:299–311."
"Warren, P. H. 1989. Oikos 55: 299-419","Warren, P. H. 1989. Spatial and Temporal Variation in the Structure of a Fresh-Water Food Web. Oikos 55:299–311."
"Warren, P. H. 1989. Oikos 55: 299-420","Warren, P. H. 1989. Spatial and Temporal Variation in the Structure of a Fresh-Water Food Web. Oikos 55:299–311."
"Warren, P. H. 1989. Oikos 55: 299-421","Warren, P. H. 1989. Spatial and Temporal Variation in the Structure of a Fresh-Water Food Web. Oikos 55:299–311."
"Warren, P. H. 1989. Oikos 55: 299-422","Warren, P. H. 1989. Spatial and Temporal Variation in the Structure of a Fresh-Water Food Web. Oikos 55:299–311."
"Warren, P. H. 1989. Oikos 55: 299-423","Warren, P. H. 1989. Spatial and Temporal Variation in the Structure of a Fresh-Water Food Web. Oikos 55:299–311."
"Warren, P. H. 1989. Oikos 55: 299-424","Warren, P. H. 1989. Spatial and Temporal Variation in the Structure of a Fresh-Water Food Web. Oikos 55:299–311."
"Warren, P. H. 1989. Oikos 55: 299-425","Warren, P. H. 1989. Spatial and Temporal Variation in the Structure of a Fresh-Water Food Web. Oikos 55:299–311."
"Warren, P. H. 1989. Oikos 55: 299-426","Warren, P. H. 1989. Spatial and Temporal Variation in the Structure of a Fresh-Water Food Web. Oikos 55:299–311."
"Warren, P. H. 1989. Oikos 55: 299-427","Warren, P. H. 1989. Spatial and Temporal Variation in the Structure of a Fresh-Water Food Web. Oikos 55:299–311."
"Warren, P. H. 1989. Oikos 55: 299-428","Warren, P. H. 1989. Spatial and Temporal Variation in the Structure of a Fresh-Water Food Web. Oikos 55:299–311."
"Warren, P. H. 1989. Oikos 55: 299-429","Warren, P. H. 1989. Spatial and Temporal Variation in the Structure of a Fresh-Water Food Web. Oikos 55:299–311."
"Warren, P. H. 1989. Oikos 55: 299-430","Warren, P. H. 1989. Spatial and Temporal Variation in the Structure of a Fresh-Water Food Web. Oikos 55:299–311."
"Warren, P. H. 1989. Oikos 55: 299-431","Warren, P. H. 1989. Spatial and Temporal Variation in the Structure of a Fresh-Water Food Web. Oikos 55:299–311."
"Warren, P. H. 1989. Oikos 55: 299-432","Warren, P. H. 1989. Spatial and Temporal Variation in the Structure of a Fresh-Water Food Web. Oikos 55:299–311."
"Warren, P. H. 1989. Oikos 55: 299-433","Warren, P. H. 1989. Spatial and Temporal Variation in the Structure of a Fresh-Water Food Web. Oikos 55:299–311."
"Warren, P. H. 1989. Oikos 55: 299-434","Warren, P. H. 1989. Spatial and Temporal Variation in the Structure of a Fresh-Water Food Web. Oikos 55:299–311."
"Warren, P. H. 1989. Oikos 55: 299-435","Warren, P. H. 1989. Spatial and Temporal Variation in the Structure of a Fresh-Water Food Web. Oikos 55:299–311."
"Warren, P. H. 1989. Oikos 55: 299-436","Warren, P. H. 1989. Spatial and Temporal Variation in the Structure of a Fresh-Water Food Web. Oikos 55:299–311."
"Warren, P. H. 1989. Oikos 55: 299-437","Warren, P. H. 1989. Spatial and Temporal Variation in the Structure of a Fresh-Water Food Web. Oikos 55:299–311."
"Warren, P. H. 1989. Oikos 55: 299-439","Warren, P. H. 1989. Spatial and Temporal Variation in the Structure of a Fresh-Water Food Web. Oikos 55:299–311."
"Warren, P. H. 1989. Oikos 55: 299-440","Warren, P. H. 1989. Spatial and Temporal Variation in the Structure of a Fresh-Water Food Web. Oikos 55:299–311."
"Warren, P. H. 1989. Oikos 55: 299-441","Warren, P. H. 1989. Spatial and Temporal Variation in the Structure of a Fresh-Water Food Web. Oikos 55:299–311."
"Warren, P. H. 1989. Oikos 55: 299-442","Warren, P. H. 1989. Spatial and Temporal Variation in the Structure of a Fresh-Water Food Web. Oikos 55:299–311."
"Warren, P. H. 1989. Oikos 55: 299-443","Warren, P. H. 1989. Spatial and Temporal Variation in the Structure of a Fresh-Water Food Web. Oikos 55:299–311."
"Warren, P. H. 1989. Oikos 55: 299-444","Warren, P. H. 1989. Spatial and Temporal Variation in the Structure of a Fresh-Water Food Web. Oikos 55:299–311."
"Warren, P. H. 1989. Oikos 55: 299-445","Warren, P. H. 1989. Spatial and Temporal Variation in the Structure of a Fresh-Water Food Web. Oikos 55:299–311."
"Warren, P. H. 1989. Oikos 55: 299-446","Warren, P. H. 1989. Spatial and Temporal Variation in the Structure of a Fresh-Water Food Web. Oikos 55:299–311."
"Warren, P. H. 1989. Oikos 55: 299-447","Warren, P. H. 1989. Spatial and Temporal Variation in the Structure of a Fresh-Water Food Web. Oikos 55:299–311."
"Warren, P. H. 1989. Oikos 55: 299-448","Warren, P. H. 1989. Spatial and Temporal Variation in the Structure of a Fresh-Water Food Web. Oikos 55:299–311."
"Warren, P. H. 1989. Oikos 55: 299-449","Warren, P. H. 1989. Spatial and Temporal Variation in the Structure of a Fresh-Water Food Web. Oikos 55:299–311."
"Warren, P. H. 1989. Oikos 55: 299-450","Warren, P. H. 1989. Spatial and Temporal Variation in the Structure of a Fresh-Water Food Web. Oikos 55:299–311."
"Warren, P. H. 1989. Oikos 55: 299-451","Warren, P. H. 1989. Spatial and Temporal Variation in the Structure of a Fresh-Water Food Web. Oikos 55:299–311."
"Warren, P. H. 1989. Oikos 55: 299-452","Warren, P. H. 1989. Spatial and Temporal Variation in the Structure of a Fresh-Water Food Web. Oikos 55:299–311."
"Warren, P. H. 1989. Oikos 55: 299-453","Warren, P. H. 1989. Spatial and Temporal Variation in the Structure of a Fresh-Water Food Web. Oikos 55:299–311."
"Warren, P. H. 1989. Oikos 55: 299-454","Warren, P. H. 1989. Spatial and Temporal Variation in the Structure of a Fresh-Water Food Web. Oikos 55:299–311."
"Warren, P. H. 1989. Oikos 55: 299-455","Warren, P. H. 1989. Spatial and Temporal Variation in the Structure of a Fresh-Water Food Web. Oikos 55:299–311."
"Warren, P. H. 1989. Oikos 55: 299-456","Warren, P. H. 1989. Spatial and Temporal Variation in the Structure of a Fresh-Water Food Web. Oikos 55:299–311."
"Warren, P. H. 1989. Oikos 55: 299-457","Warren, P. H. 1989. Spatial and Temporal Variation in the Structure of a Fresh-Water Food Web. Oikos 55:299–311."
"Warren, P. H. 1989. Oikos 55: 299-458","Warren, P. H. 1989. Spatial and Temporal Variation in the Structure of a Fresh-Water Food Web. Oikos 55:299–311."
"Warren, P. H. 1989. Oikos 55: 299-459","Warren, P. H. 1989. Spatial and Temporal Variation in the Structure of a Fresh-Water Food Web. Oikos 55:299–311."
"Warren, P. H. 1989. Oikos 55: 299-460","Warren, P. H. 1989. Spatial and Temporal Variation in the Structure of a Fresh-Water Food Web. Oikos 55:299–311."
"Warren, P. H. 1989. Oikos 55: 299-461","Warren, P. H. 1989. Spatial and Temporal Variation in the Structure of a Fresh-Water Food Web. Oikos 55:299–311."
"Warren, P. H. 1989. Oikos 55: 299-462","Warren, P. H. 1989. Spatial and Temporal Variation in the Structure of a Fresh-Water Food Web. Oikos 55:299–311."
"Warren, P. H. 1989. Oikos 55: 299-463","Warren, P. H. 1989. Spatial and Temporal Variation in the Structure of a Fresh-Water Food Web. Oikos 55:299–311."
"Warren, P. H. 1989. Oikos 55: 299-464","Warren, P. H. 1989. Spatial and Temporal Variation in the Structure of a Fresh-Water Food Web. Oikos 55:299–311."
"Warren, P. H. 1989. Oikos 55: 299-465","Warren, P. H. 1989. Spatial and Temporal Variation in the Structure of a Fresh-Water Food Web. Oikos 55:299–311."
"Warren, P. H. 1989. Oikos 55: 299-466","Warren, P. H. 1989. Spatial and Temporal Variation in the Structure of a Fresh-Water Food Web. Oikos 55:299–311."
"Warren, P. H. 1989. Oikos 55: 299-467","Warren, P. H. 1989. Spatial and Temporal Variation in the Structure of a Fresh-Water Food Web. Oikos 55:299–311."
"Warren, P. H. 1989. Oikos 55: 299-468","Warren, P. H. 1989. Spatial and Temporal Variation in the Structure of a Fresh-Water Food Web. Oikos 55:299–311."
"Warren, P. H. 1989. Oikos 55: 299-469","Warren, P. H. 1989. Spatial and Temporal Variation in the Structure of a Fresh-Water Food Web. Oikos 55:299–311."
"Warren, P. H. 1989. Oikos 55: 299-470","Warren, P. H. 1989. Spatial and Temporal Variation in the Structure of a Fresh-Water Food Web. Oikos 55:299–311."
"Warren, P. H. 1989. Oikos 55: 299-471","Warren, P. H. 1989. Spatial and Temporal Variation in the Structure of a Fresh-Water Food Web. Oikos 55:299–311."
"Warren, P. H. 1989. Oikos 55: 299-472","Warren, P. H. 1989. Spatial and Temporal Variation in the Structure of a Fresh-Water Food Web. Oikos 55:299–311."
"Warren, P. H. 1989. Oikos 55: 299-473","Warren, P. H. 1989. Spatial and Temporal Variation in the Structure of a Fresh-Water Food Web. Oikos 55:299–311."
"Warren, P. H. 1989. Oikos 55: 299-474","Warren, P. H. 1989. Spatial and Temporal Variation in the Structure of a Fresh-Water Food Web. Oikos 55:299–311."
"Warren, P. H. 1989. Oikos 55: 299-475","Warren, P. H. 1989. Spatial and Temporal Variation in the Structure of a Fresh-Water Food Web. Oikos 55:299–311."
"Warren, P. H. 1989. Oikos 55: 299-476","Warren, P. H. 1989. Spatial and Temporal Variation in the Structure of a Fresh-Water Food Web. Oikos 55:299–311."
"Warren, P. H. 1989. Oikos 55: 299-477","Warren, P. H. 1989. Spatial and Temporal Variation in the Structure of a Fresh-Water Food Web. Oikos 55:299–311."
"Warren, P. H. 1989. Oikos 55: 299-478","Warren, P. H. 1989. Spatial and Temporal Variation in the Structure of a Fresh-Water Food Web. Oikos 55:299–311."
"Warren, P. H. 1989. Oikos 55: 299-479","Warren, P. H. 1989. Spatial and Temporal Variation in the Structure of a Fresh-Water Food Web. Oikos 55:299–311."
"Warren, P. H. 1989. Oikos 55: 299-480","Warren, P. H. 1989. Spatial and Temporal Variation in the Structure of a Fresh-Water Food Web. Oikos 55:299–311."
"Warren, P. H. 1989. Oikos 55: 299-481","Warren, P. H. 1989. Spatial and Temporal Variation in the Structure of a Fresh-Water Food Web. Oikos 55:299–311."
"Warren, P. H. 1989. Oikos 55: 299-482","Warren, P. H. 1989. Spatial and Temporal Variation in the Structure of a Fresh-Water Food Web. Oikos 55:299–311."
"Warren, P. H. 1989. Oikos 55: 299-483","Warren, P. H. 1989. Spatial and Temporal Variation in the Structure of a Fresh-Water Food Web. Oikos 55:299–311."
"Warren, P. H. 1989. Oikos 55: 299-484","Warren, P. H. 1989. Spatial and Temporal Variation in the Structure of a Fresh-Water Food Web. Oikos 55:299–311."
"Warren, P. H. 1989. Oikos 55: 299-485","Warren, P. H. 1989. Spatial and Temporal Variation in the Structure of a Fresh-Water Food Web. Oikos 55:299–311."
"Warren, P. H. 1989. Oikos 55: 299-486","Warren, P. H. 1989. Spatial and Temporal Variation in the Structure of a Fresh-Water Food Web. Oikos 55:299–311."
"Warren, P. H. 1989. Oikos 55: 299-487","Warren, P. H. 1989. Spatial and Temporal Variation in the Structure of a Fresh-Water Food Web. Oikos 55:299–311."
"Warren, P. H. 1989. Oikos 55: 299-488","Warren, P. H. 1989. Spatial and Temporal Variation in the Structure of a Fresh-Water Food Web. Oikos 55:299–311."
"Warren, P. H. 1989. Oikos 55: 299-489","Warren, P. H. 1989. Spatial and Temporal Variation in the Structure of a Fresh-Water Food Web. Oikos 55:299–311."
"Warren, P. H. 1989. Oikos 55: 299-490","Warren, P. H. 1989. Spatial and Temporal Variation in the Structure of a Fresh-Water Food Web. Oikos 55:299–311."
"Warren, P. H. 1989. Oikos 55: 299-491","Warren, P. H. 1989. Spatial and Temporal Variation in the Structure of a Fresh-Water Food Web. Oikos 55:299–311."
"Warren, P. H. 1989. Oikos 55: 299-492","Warren, P. H. 1989. Spatial and Temporal Variation in the Structure of a Fresh-Water Food Web. Oikos 55:299–311."
"Warren, P. H. 1989. Oikos 55: 299-493","Warren, P. H. 1989. Spatial and Temporal Variation in the Structure of a Fresh-Water Food Web. Oikos 55:299–311."
"Warren, P. H. 1989. Oikos 55: 299-494","Warren, P. H. 1989. Spatial and Temporal Variation in the Structure of a Fresh-Water Food Web. Oikos 55:299–311."
"Warren, P. H. 1989. Oikos 55: 299-495","Warren, P. H. 1989. Spatial and Temporal Variation in the Structure of a Fresh-Water Food Web. Oikos 55:299–311."
"Warren, P. H. 1989. Oikos 55: 299-496","Warren, P. H. 1989. Spatial and Temporal Variation in the Structure of a Fresh-Water Food Web. Oikos 55:299–311."
"Warren, P. H. 1989. Oikos 55: 299-504","Warren, P. H. 1989. Spatial and Temporal Variation in the Structure of a Fresh-Water Food Web. Oikos 55:299–311."
"Warren, P. H. 1989. Oikos 55: 299-505","Warren, P. H. 1989. Spatial and Temporal Variation in the Structure of a Fresh-Water Food Web. Oikos 55:299–311."
"Warren, P. H. 1989. Oikos 55: 299-506","Warren, P. H. 1989. Spatial and Temporal Variation in the Structure of a Fresh-Water Food Web. Oikos 55:299–311."
"Warren, P. H. 1989. Oikos 55: 299-507","Warren, P. H. 1989. Spatial and Temporal Variation in the Structure of a Fresh-Water Food Web. Oikos 55:299–311."
"Warren, P. H. 1989. Oikos 55: 299-508","Warren, P. H. 1989. Spatial and Temporal Variation in the Structure of a Fresh-Water Food Web. Oikos 55:299–311."
"Warren, P. H. 1989. Oikos 55: 299-509","Warren, P. H. 1989. Spatial and Temporal Variation in the Structure of a Fresh-Water Food Web. Oikos 55:299–311."
"Warren, P. H. 1989. Oikos 55: 299-510","Warren, P. H. 1989. Spatial and Temporal Variation in the Structure of a Fresh-Water Food Web. Oikos 55:299–311."
"Warren, P. H. 1989. Oikos 55: 299-511","Warren, P. H. 1989. Spatial and Temporal Variation in the Structure of a Fresh-Water Food Web. Oikos 55:299–311."
"Warren, P. H. 1989. Oikos 55: 299-512","Warren, P. H. 1989. Spatial and Temporal Variation in the Structure of a Fresh-Water Food Web. Oikos 55:299–311."
"Warren, P. H. 1989. Oikos 55: 299-513","Warren, P. H. 1989. Spatial and Temporal Variation in the Structure of a Fresh-Water Food Web. Oikos 55:299–311."
"Warren, P. H. 1989. Oikos 55: 299-514","Warren, P. H. 1989. Spatial and Temporal Variation in the Structure of a Fresh-Water Food Web. Oikos 55:299–311."
"Warren, P. H. 1989. Oikos 55: 299-515","Warren, P. H. 1989. Spatial and Temporal Variation in the Structure of a Fresh-Water Food Web. Oikos 55:299–311."
"Warren, P. H. 1989. Oikos 55: 299-516","Warren, P. H. 1989. Spatial and Temporal Variation in the Structure of a Fresh-Water Food Web. Oikos 55:299–311."
"Warren, P. H. 1989. Oikos 55: 299-518","Warren, P. H. 1989. Spatial and Temporal Variation in the Structure of a Fresh-Water Food Web. Oikos 55:299–311."
"Warren, P. H. 1989. Oikos 55: 299-519","Warren, P. H. 1989. Spatial and Temporal Variation in the Structure of a Fresh-Water Food Web. Oikos 55:299–311."
"Warren, P. H. 1989. Oikos 55: 299-520","Warren, P. H. 1989. Spatial and Temporal Variation in the Structure of a Fresh-Water Food Web. Oikos 55:299–311."
"Warren, P. H. 1989. Oikos 55: 299-521","Warren, P. H. 1989. Spatial and Temporal Variation in the Structure of a Fresh-Water Food Web. Oikos 55:299–311."
"Warren, P. H. 1989. Oikos 55: 299-522","Warren, P. H. 1989. Spatial and Temporal Variation in the Structure of a Fresh-Water Food Web. Oikos 55:299–311."
"Warren, P. H. 1989. Oikos 55: 299-523","Warren, P. H. 1989. Spatial and Temporal Variation in the Structure of a Fresh-Water Food Web. Oikos 55:299–311."
"Warren, P. H. 1989. Oikos 55: 299-524","Warren, P. H. 1989. Spatial and Temporal Variation in the Structure of a Fresh-Water Food Web. Oikos 55:299–311."
"Warren, P. H. 1989. Oikos 55: 299-525","Warren, P. H. 1989. Spatial and Temporal Variation in the Structure of a Fresh-Water Food Web. Oikos 55:299–311."
"Warren, P. H. 1989. Oikos 55: 299-526","Warren, P. H. 1989. Spatial and Temporal Variation in the Structure of a Fresh-Water Food Web. Oikos 55:299–311."
"Warren, P. H. 1989. Oikos 55: 299-527","Warren, P. H. 1989. Spatial and Temporal Variation in the Structure of a Fresh-Water Food Web. Oikos 55:299–311."
"Warren, P. H. 1989. Oikos 55: 299-528","Warren, P. H. 1989. Spatial and Temporal Variation in the Structure of a Fresh-Water Food Web. Oikos 55:299–311."
"Warren, P. H. 1989. Oikos 55: 299-529","Warren, P. H. 1989. Spatial and Temporal Variation in the Structure of a Fresh-Water Food Web. Oikos 55:299–311."
"Warren, P. H. 1989. Oikos 55: 299-530","Warren, P. H. 1989. Spatial and Temporal Variation in the Structure of a Fresh-Water Food Web. Oikos 55:299–311."
"Warren, P. H. 1989. Oikos 55: 299-531","Warren, P. H. 1989. Spatial and Temporal Variation in the Structure of a Fresh-Water Food Web. Oikos 55:299–311."
"Warren, P. H. 1989. Oikos 55: 299-532","Warren, P. H. 1989. Spatial and Temporal Variation in the Structure of a Fresh-Water Food Web. Oikos 55:299–311."
"Warren, P. H. 1989. Oikos 55: 299-533","Warren, P. H. 1989. Spatial and Temporal Variation in the Structure of a Fresh-Water Food Web. Oikos 55:299–311."
"Warren, P. H. 1989. Oikos 55: 299-534","Warren, P. H. 1989. Spatial and Temporal Variation in the Structure of a Fresh-Water Food Web. Oikos 55:299–311."
"Warren, P. H. 1989. Oikos 55: 299-535","Warren, P. H. 1989. Spatial and Temporal Variation in the Structure of a Fresh-Water Food Web. Oikos 55:299–311."
"Warren, P. H. 1989. Oikos 55: 299-536","Warren, P. H. 1989. Spatial and Temporal Variation in the Structure of a Fresh-Water Food Web. Oikos 55:299–311."
"Warren, P. H. 1989. Oikos 55: 299-537","Warren, P. H. 1989. Spatial and Temporal Variation in the Structure of a Fresh-Water Food Web. Oikos 55:299–311."
"Warren, P. H. 1989. Oikos 55: 299-538","Warren, P. H. 1989. Spatial and Temporal Variation in the Structure of a Fresh-Water Food Web. Oikos 55:299–311."
"Warren, P. H. 1989. Oikos 55: 299-539","Warren, P. H. 1989. Spatial and Temporal Variation in the Structure of a Fresh-Water Food Web. Oikos 55:299–311."
"Warren, P. H. 1989. Oikos 55: 299-540","Warren, P. H. 1989. Spatial and Temporal Variation in the Structure of a Fresh-Water Food Web. Oikos 55:299–311."
"Warren, P. H. 1989. Oikos 55: 299-541","Warren, P. H. 1989. Spatial and Temporal Variation in the Structure of a Fresh-Water Food Web. Oikos 55:299–311."
"Warren, P. H. 1989. Oikos 55: 299-542","Warren, P. H. 1989. Spatial and Temporal Variation in the Structure of a Fresh-Water Food Web. Oikos 55:299–311."
"Warren, P. H. 1989. Oikos 55: 299-543","Warren, P. H. 1989. Spatial and Temporal Variation in the Structure of a Fresh-Water Food Web. Oikos 55:299–311."
"Warren, P. H. 1989. Oikos 55: 299-544","Warren, P. H. 1989. Spatial and Temporal Variation in the Structure of a Fresh-Water Food Web. Oikos 55:299–311."
"Warren, P. H. 1989. Oikos 55: 299-546","Warren, P. H. 1989. Spatial and Temporal Variation in the Structure of a Fresh-Water Food Web. Oikos 55:299–311."
"Warren, P. H. 1989. Oikos 55: 299-547","Warren, P. H. 1989. Spatial and Temporal Variation in the Structure of a Fresh-Water Food Web. Oikos 55:299–311."
"Warren, P. H. 1989. Oikos 55: 299-548","Warren, P. H. 1989. Spatial and Temporal Variation in the Structure of a Fresh-Water Food Web. Oikos 55:299–311."
"Warren, P. H. 1989. Oikos 55: 299-549","Warren, P. H. 1989. Spatial and Temporal Variation in the Structure of a Fresh-Water Food Web. Oikos 55:299–311."
"Warren, P. H. 1989. Oikos 55: 299-550","Warren, P. H. 1989. Spatial and Temporal Variation in the Structure of a Fresh-Water Food Web. Oikos 55:299–311."
"Warren, P. H. 1989. Oikos 55: 299-551","Warren, P. H. 1989. Spatial and Temporal Variation in the Structure of a Fresh-Water Food Web. Oikos 55:299–311."
"Warren, P. H. 1989. Oikos 55: 299-552","Warren, P. H. 1989. Spatial and Temporal Variation in the Structure of a Fresh-Water Food Web. Oikos 55:299–311."
"Warren, P. H. 1989. Oikos 55: 299-553","Warren, P. H. 1989. Spatial and Temporal Variation in the Structure of a Fresh-Water Food Web. Oikos 55:299–311."
"Warren, P. H. 1989. Oikos 55: 299-554","Warren, P. H. 1989. Spatial and Temporal Variation in the Structure of a Fresh-Water Food Web. Oikos 55:299–311."
"Warren, P. H. 1989. Oikos 55: 299-555","Warren, P. H. 1989. Spatial and Temporal Variation in the Structure of a Fresh-Water Food Web. Oikos 55:299–311."
"Warren, P. H. 1989. Oikos 55: 299-556","Warren, P. H. 1989. Spatial and Temporal Variation in the Structure of a Fresh-Water Food Web. Oikos 55:299–311."
"Warren, P. H. 1989. Oikos 55: 299-557","Warren, P. H. 1989. Spatial and Temporal Variation in the Structure of a Fresh-Water Food Web. Oikos 55:299–311."
"Warren, P. H. 1989. Oikos 55: 299-558","Warren, P. H. 1989. Spatial and Temporal Variation in the Structure of a Fresh-Water Food Web. Oikos 55:299–311."
"Warren, P. H. 1989. Oikos 55: 299-559","Warren, P. H. 1989. Spatial and Temporal Variation in the Structure of a Fresh-Water Food Web. Oikos 55:299–311."
"Warren, P. H. 1989. Oikos 55: 299-560","Warren, P. H. 1989. Spatial and Temporal Variation in the Structure of a Fresh-Water Food Web. Oikos 55:299–311."
"Warren, P. H. 1989. Oikos 55: 299-561","Warren, P. H. 1989. Spatial and Temporal Variation in the Structure of a Fresh-Water Food Web. Oikos 55:299–311."
"Warren, P. H. 1989. Oikos 55: 299-562","Warren, P. H. 1989. Spatial and Temporal Variation in the Structure of a Fresh-Water Food Web. Oikos 55:299–311."
"Warren, P. H. 1989. Oikos 55: 299-563","Warren, P. H. 1989. Spatial and Temporal Variation in the Structure of a Fresh-Water Food Web. Oikos 55:299–311."
"Warren, P. H. 1989. Oikos 55: 299-564","Warren, P. H. 1989. Spatial and Temporal Variation in the Structure of a Fresh-Water Food Web. Oikos 55:299–311."
"Warren, P. H. 1989. Oikos 55: 299-565","Warren, P. H. 1989. Spatial and Temporal Variation in the Structure of a Fresh-Water Food Web. Oikos 55:299–311."
"Warren, P. H. 1989. Oikos 55: 299-566","Warren, P. H. 1989. Spatial and Temporal Variation in the Structure of a Fresh-Water Food Web. Oikos 55:299–311."
"Warren, P. H. 1989. Oikos 55: 299-567","Warren, P. H. 1989. Spatial and Temporal Variation in the Structure of a Fresh-Water Food Web. Oikos 55:299–311."
"Warren, P. H. 1989. Oikos 55: 299-568","Warren, P. H. 1989. Spatial and Temporal Variation in the Structure of a Fresh-Water Food Web. Oikos 55:299–311."
"Warren, P. H. 1989. Oikos 55: 299-569","Warren, P. H. 1989. Spatial and Temporal Variation in the Structure of a Fresh-Water Food Web. Oikos 55:299–311."
"Warren, P. H. 1989. Oikos 55: 299-570","Warren, P. H. 1989. Spatial and Temporal Variation in the Structure of a Fresh-Water Food Web. Oikos 55:299–311."
"Warren, P. H. 1989. Oikos 55: 299-571","Warren, P. H. 1989. Spatial and Temporal Variation in the Structure of a Fresh-Water Food Web. Oikos 55:299–311."
"Warren, P. H. 1989. Oikos 55: 299-572","Warren, P. H. 1989. Spatial and Temporal Variation in the Structure of a Fresh-Water Food Web. Oikos 55:299–311."
"Warren, P. H. 1989. Oikos 55: 299-574","Warren, P. H. 1989. Spatial and Temporal Variation in the Structure of a Fresh-Water Food Web. Oikos 55:299–311."
"Warren, P. H. 1989. Oikos 55: 299-575","Warren, P. H. 1989. Spatial and Temporal Variation in the Structure of a Fresh-Water Food Web. Oikos 55:299–311."
"Warren, P. H. 1989. Oikos 55: 299-576","Warren, P. H. 1989. Spatial and Temporal Variation in the Structure of a Fresh-Water Food Web. Oikos 55:299–311."
"Warren, P. H. 1989. Oikos 55: 299-577","Warren, P. H. 1989. Spatial and Temporal Variation in the Structure of a Fresh-Water Food Web. Oikos 55:299–311."
"Warren, P. H. 1989. Oikos 55: 299-578","Warren, P. H. 1989. Spatial and Temporal Variation in the Structure of a Fresh-Water Food Web. Oikos 55:299–311."
"Warren, P. H. 1989. Oikos 55: 299-579","Warren, P. H. 1989. Spatial and Temporal Variation in the Structure of a Fresh-Water Food Web. Oikos 55:299–311."
"Warren, P. H. 1989. Oikos 55: 299-580","Warren, P. H. 1989. Spatial and Temporal Variation in the Structure of a Fresh-Water Food Web. Oikos 55:299–311."
"Warren, P. H. 1989. Oikos 55: 299-581","Warren, P. H. 1989. Spatial and Temporal Variation in the Structure of a Fresh-Water Food Web. Oikos 55:299–311."
"Warren, P. H. 1989. Oikos 55: 299-582","Warren, P. H. 1989. Spatial and Temporal Variation in the Structure of a Fresh-Water Food Web. Oikos 55:299–311."
"Warren, P. H. 1989. Oikos 55: 299-583","Warren, P. H. 1989. Spatial and Temporal Variation in the Structure of a Fresh-Water Food Web. Oikos 55:299–311."
"Warren, P. H. 1989. Oikos 55: 299-584","Warren, P. H. 1989. Spatial and Temporal Variation in the Structure of a Fresh-Water Food Web. Oikos 55:299–311."
"Warren, P. H. 1989. Oikos 55: 299-585","Warren, P. H. 1989. Spatial and Temporal Variation in the Structure of a Fresh-Water Food Web. Oikos 55:299–311."
"Warren, P. H. 1989. Oikos 55: 299-586","Warren, P. H. 1989. Spatial and Temporal Variation in the Structure of a Fresh-Water Food Web. Oikos 55:299–311."
"Warren, P. H. 1989. Oikos 55: 299-587","Warren, P. H. 1989. Spatial and Temporal Variation in the Structure of a Fresh-Water Food Web. Oikos 55:299–311."
"Warren, P. H. 1989. Oikos 55: 299-588","Warren, P. H. 1989. Spatial and Temporal Variation in the Structure of a Fresh-Water Food Web. Oikos 55:299–311."
"Warren, P. H. 1989. Oikos 55: 299-589","Warren, P. H. 1989. Spatial and Temporal Variation in the Structure of a Fresh-Water Food Web. Oikos 55:299–311."
"Warren, P. H. 1989. Oikos 55: 299-590","Warren, P. H. 1989. Spatial and Temporal Variation in the Structure of a Fresh-Water Food Web. Oikos 55:299–311."
"Warren, P. H. 1989. Oikos 55: 299-591","Warren, P. H. 1989. Spatial and Temporal Variation in the Structure of a Fresh-Water Food Web. Oikos 55:299–311."
"Warren, P. H. 1989. Oikos 55: 299-592","Warren, P. H. 1989. Spatial and Temporal Variation in the Structure of a Fresh-Water Food Web. Oikos 55:299–311."
"Warren, P. H. 1989. Oikos 55: 299-593","Warren, P. H. 1989. Spatial and Temporal Variation in the Structure of a Fresh-Water Food Web. Oikos 55:299–311."
"Warren, P. H. 1989. Oikos 55: 299-594","Warren, P. H. 1989. Spatial and Temporal Variation in the Structure of a Fresh-Water Food Web. Oikos 55:299–311."
"Warren, P. H. 1989. Oikos 55: 299-595","Warren, P. H. 1989. Spatial and Temporal Variation in the Structure of a Fresh-Water Food Web. Oikos 55:299–311."
"Warren, P. H. 1989. Oikos 55: 299-596","Warren, P. H. 1989. Spatial and Temporal Variation in the Structure of a Fresh-Water Food Web. Oikos 55:299–311."
"Warren, P. H. 1989. Oikos 55: 299-597","Warren, P. H. 1989. Spatial and Temporal Variation in the Structure of a Fresh-Water Food Web. Oikos 55:299–311."
"Warren, P. H. 1989. Oikos 55: 299-598","Warren, P. H. 1989. Spatial and Temporal Variation in the Structure of a Fresh-Water Food Web. Oikos 55:299–311."
"Warren, P. H. 1989. Oikos 55: 299-599","Warren, P. H. 1989. Spatial and Temporal Variation in the Structure of a Fresh-Water Food Web. Oikos 55:299–311."
"Warren, P. H. 1989. Oikos 55: 299-601","Warren, P. H. 1989. Spatial and Temporal Variation in the Structure of a Fresh-Water Food Web. Oikos 55:299–311."
"Warren, P. H. 1989. Oikos 55: 299-602","Warren, P. H. 1989. Spatial and Temporal Variation in the Structure of a Fresh-Water Food Web. Oikos 55:299–311."
"Warren, P. H. 1989. Oikos 55: 299-603","Warren, P. H. 1989. Spatial and Temporal Variation in the Structure of a Fresh-Water Food Web. Oikos 55:299–311."
"Warren, P. H. 1989. Oikos 55: 299-604","Warren, P. H. 1989. Spatial and Temporal Variation in the Structure of a Fresh-Water Food Web. Oikos 55:299–311."
"Warren, P. H. 1989. Oikos 55: 299-605","Warren, P. H. 1989. Spatial and Temporal Variation in the Structure of a Fresh-Water Food Web. Oikos 55:299–311."
"Warren, P. H. 1989. Oikos 55: 299-606","Warren, P. H. 1989. Spatial and Temporal Variation in the Structure of a Fresh-Water Food Web. Oikos 55:299–311."
"Warren, P. H. 1989. Oikos 55: 299-607","Warren, P. H. 1989. Spatial and Temporal Variation in the Structure of a Fresh-Water Food Web. Oikos 55:299–311."
"Warren, P. H. 1989. Oikos 55: 299-608","Warren, P. H. 1989. Spatial and Temporal Variation in the Structure of a Fresh-Water Food Web. Oikos 55:299–311."
"Warren, P. H. 1989. Oikos 55: 299-609","Warren, P. H. 1989. Spatial and Temporal Variation in the Structure of a Fresh-Water Food Web. Oikos 55:299–311."
"Warren, P. H. 1989. Oikos 55: 299-610","Warren, P. H. 1989. Spatial and Temporal Variation in the Structure of a Fresh-Water Food Web. Oikos 55:299–311."
"Warren, P. H. 1989. Oikos 55: 299-611","Warren, P. H. 1989. Spatial and Temporal Variation in the Structure of a Fresh-Water Food Web. Oikos 55:299–311."
"Warren, P. H. 1989. Oikos 55: 299-612","Warren, P. H. 1989. Spatial and Temporal Variation in the Structure of a Fresh-Water Food Web. Oikos 55:299–311."
"Warren, P. H. 1989. Oikos 55: 299-613","Warren, P. H. 1989. Spatial and Temporal Variation in the Structure of a Fresh-Water Food Web. Oikos 55:299–311."
"Warren, P. H. 1989. Oikos 55: 299-614","Warren, P. H. 1989. Spatial and Temporal Variation in the Structure of a Fresh-Water Food Web. Oikos 55:299–311."
"Warren, P. H. 1989. Oikos 55: 299-615","Warren, P. H. 1989. Spatial and Temporal Variation in the Structure of a Fresh-Water Food Web. Oikos 55:299–311."
"Warren, P. H. 1989. Oikos 55: 299-616","Warren, P. H. 1989. Spatial and Temporal Variation in the Structure of a Fresh-Water Food Web. Oikos 55:299–311."
"Warren, P. H. 1989. Oikos 55: 299-617","Warren, P. H. 1989. Spatial and Temporal Variation in the Structure of a Fresh-Water Food Web. Oikos 55:299–311."
"Warren, P. H. 1989. Oikos 55: 299-618","Warren, P. H. 1989. Spatial and Temporal Variation in the Structure of a Fresh-Water Food Web. Oikos 55:299–311."
"Warren, P. H. 1989. Oikos 55: 299-619","Warren, P. H. 1989. Spatial and Temporal Variation in the Structure of a Fresh-Water Food Web. Oikos 55:299–311."
"Warren, P. H. 1989. Oikos 55: 299-620","Warren, P. H. 1989. Spatial and Temporal Variation in the Structure of a Fresh-Water Food Web. Oikos 55:299–311."
"Warren, P. H. 1989. Oikos 55: 299-621","Warren, P. H. 1989. Spatial and Temporal Variation in the Structure of a Fresh-Water Food Web. Oikos 55:299–311."
"Warren, P. H. 1989. Oikos 55: 299-622","Warren, P. H. 1989. Spatial and Temporal Variation in the Structure of a Fresh-Water Food Web. Oikos 55:299–311."
"Warren, P. H. 1989. Oikos 55: 299-623","Warren, P. H. 1989. Spatial and Temporal Variation in the Structure of a Fresh-Water Food Web. Oikos 55:299–311."
"Warren, P. H. 1989. Oikos 55: 299-624","Warren, P. H. 1989. Spatial and Temporal Variation in the Structure of a Fresh-Water Food Web. Oikos 55:299–311."
"Warren, P. H. 1989. Oikos 55: 299-625","Warren, P. H. 1989. Spatial and Temporal Variation in the Structure of a Fresh-Water Food Web. Oikos 55:299–311."
"Warren, P. H. 1989. Oikos 55: 299-626","Warren, P. H. 1989. Spatial and Temporal Variation in the Structure of a Fresh-Water Food Web. Oikos 55:299–311."
"Warren, P. H. 1989. Oikos 55: 299-627","Warren, P. H. 1989. Spatial and Temporal Variation in the Structure of a Fresh-Water Food Web. Oikos 55:299–311."
"Warren, P. H. 1989. Oikos 55: 299-628","Warren, P. H. 1989. Spatial and Temporal Variation in the Structure of a Fresh-Water Food Web. Oikos 55:299–311."
"Warren, P. H. 1989. Oikos 55: 299-629","Warren, P. H. 1989. Spatial and Temporal Variation in the Structure of a Fresh-Water Food Web. Oikos 55:299–311."
"Warren, P. H. 1989. Oikos 55: 299-630","Warren, P. H. 1989. Spatial and Temporal Variation in the Structure of a Fresh-Water Food Web. Oikos 55:299–311."
"Warren, P. H. 1989. Oikos 55: 299-631","Warren, P. H. 1989. Spatial and Temporal Variation in the Structure of a Fresh-Water Food Web. Oikos 55:299–311."
"Warren, P. H. 1989. Oikos 55: 299-632","Warren, P. H. 1989. Spatial and Temporal Variation in the Structure of a Fresh-Water Food Web. Oikos 55:299–311."
"Warren, P. H. 1989. Oikos 55: 299-633","Warren, P. H. 1989. Spatial and Temporal Variation in the Structure of a Fresh-Water Food Web. Oikos 55:299–311."
"Warren, P. H. 1989. Oikos 55: 299-634","Warren, P. H. 1989. Spatial and Temporal Variation in the Structure of a Fresh-Water Food Web. Oikos 55:299–311."
"Warren, P. H. 1989. Oikos 55: 299-635","Warren, P. H. 1989. Spatial and Temporal Variation in the Structure of a Fresh-Water Food Web. Oikos 55:299–311."
"Warren, P. H. 1989. Oikos 55: 299-636","Warren, P. H. 1989. Spatial and Temporal Variation in the Structure of a Fresh-Water Food Web. Oikos 55:299–311."
"Warren, P. H. 1989. Oikos 55: 299-637","Warren, P. H. 1989. Spatial and Temporal Variation in the Structure of a Fresh-Water Food Web. Oikos 55:299–311."
"Warren, P. H. 1989. Oikos 55: 299-638","Warren, P. H. 1989. Spatial and Temporal Variation in the Structure of a Fresh-Water Food Web. Oikos 55:299–311."
"Warren, P. H. 1989. Oikos 55: 299-639","Warren, P. H. 1989. Spatial and Temporal Variation in the Structure of a Fresh-Water Food Web. Oikos 55:299–311."
"Warren, P. H. 1989. Oikos 55: 299-640","Warren, P. H. 1989. Spatial and Temporal Variation in the Structure of a Fresh-Water Food Web. Oikos 55:299–311."
"Warren, P. H. 1989. Oikos 55: 299-641","Warren, P. H. 1989. Spatial and Temporal Variation in the Structure of a Fresh-Water Food Web. Oikos 55:299–311."
"Warren, P. H. 1989. Oikos 55: 299-642","Warren, P. H. 1989. Spatial and Temporal Variation in the Structure of a Fresh-Water Food Web. Oikos 55:299–311."
"Warren, P. H. 1989. Oikos 55: 299-643","Warren, P. H. 1989. Spatial and Temporal Variation in the Structure of a Fresh-Water Food Web. Oikos 55:299–311."
"Warren, P. H. 1989. Oikos 55: 299-644","Warren, P. H. 1989. Spatial and Temporal Variation in the Structure of a Fresh-Water Food Web. Oikos 55:299–311."
"Warren, P. H. 1989. Oikos 55: 299-645","Warren, P. H. 1989. Spatial and Temporal Variation in the Structure of a Fresh-Water Food Web. Oikos 55:299–311."
"Warren, P. H. 1989. Oikos 55: 299-646","Warren, P. H. 1989. Spatial and Temporal Variation in the Structure of a Fresh-Water Food Web. Oikos 55:299–311."
"Warren, P. H. 1989. Oikos 55: 299-647","Warren, P. H. 1989. Spatial and Temporal Variation in the Structure of a Fresh-Water Food Web. Oikos 55:299–311."
"Warren, P. H. 1989. Oikos 55: 299-648","Warren, P. H. 1989. Spatial and Temporal Variation in the Structure of a Fresh-Water Food Web. Oikos 55:299–311."
"Warren, P. H. 1989. Oikos 55: 299-649","Warren, P. H. 1989. Spatial and Temporal Variation in the Structure of a Fresh-Water Food Web. Oikos 55:299–311."
"Warren, P. H. 1989. Oikos 55: 299-650","Warren, P. H. 1989. Spatial and Temporal Variation in the Structure of a Fresh-Water Food Web. Oikos 55:299–311."
"Warren, P. H. 1989. Oikos 55: 299-651","Warren, P. H. 1989. Spatial and Temporal Variation in the Structure of a Fresh-Water Food Web. Oikos 55:299–311."
"Warren, P. H. 1989. Oikos 55: 299-652","Warren, P. H. 1989. Spatial and Temporal Variation in the Structure of a Fresh-Water Food Web. Oikos 55:299–311."
"Warren, P. H. 1989. Oikos 55: 299-653","Warren, P. H. 1989. Spatial and Temporal Variation in the Structure of a Fresh-Water Food Web. Oikos 55:299–311."
"Warren, P. H. 1989. Oikos 55: 299-654","Warren, P. H. 1989. Spatial and Temporal Variation in the Structure of a Fresh-Water Food Web. Oikos 55:299–311."
"Warren, P. H. 1989. Oikos 55: 299-655","Warren, P. H. 1989. Spatial and Temporal Variation in the Structure of a Fresh-Water Food Web. Oikos 55:299–311."
"Warren, P. H. 1989. Oikos 55: 299-656","Warren, P. H. 1989. Spatial and Temporal Variation in the Structure of a Fresh-Water Food Web. Oikos 55:299–311."
"Warren, P. H. 1989. Oikos 55: 299-657","Warren, P. H. 1989. Spatial and Temporal Variation in the Structure of a Fresh-Water Food Web. Oikos 55:299–311."
"Warren, P. H. 1989. Oikos 55: 299-658","Warren, P. H. 1989. Spatial and Temporal Variation in the Structure of a Fresh-Water Food Web. Oikos 55:299–311."
"Warren, P. H. 1989. Oikos 55: 299-659","Warren, P. H. 1989. Spatial and Temporal Variation in the Structure of a Fresh-Water Food Web. Oikos 55:299–311."
"Warren, P. H. 1989. Oikos 55: 299-660","Warren, P. H. 1989. Spatial and Temporal Variation in the Structure of a Fresh-Water Food Web. Oikos 55:299–311."
"Warren, P. H. 1989. Oikos 55: 299-661","Warren, P. H. 1989. Spatial and Temporal Variation in the Structure of a Fresh-Water Food Web. Oikos 55:299–311."
"Warren, P. H. 1989. Oikos 55: 299-662","Warren, P. H. 1989. Spatial and Temporal Variation in the Structure of a Fresh-Water Food Web. Oikos 55:299–311."
"Warren, P. H. 1989. Oikos 55: 299-663","Warren, P. H. 1989. Spatial and Temporal Variation in the Structure of a Fresh-Water Food Web. Oikos 55:299–311."
"Warren, P. H. 1989. Oikos 55: 299-664","Warren, P. H. 1989. Spatial and Temporal Variation in the Structure of a Fresh-Water Food Web. Oikos 55:299–311."
"Warren, P. H. 1989. Oikos 55: 299-665","Warren, P. H. 1989. Spatial and Temporal Variation in the Structure of a Fresh-Water Food Web. Oikos 55:299–311."
"Warren, P. H. 1989. Oikos 55: 299-666","Warren, P. H. 1989. Spatial and Temporal Variation in the Structure of a Fresh-Water Food Web. Oikos 55:299–311."
"Warren, P. H. 1989. Oikos 55: 299-667","Warren, P. H. 1989. Spatial and Temporal Variation in the Structure of a Fresh-Water Food Web. Oikos 55:299–311."
"Warren, P. H. 1989. Oikos 55: 299-669","Warren, P. H. 1989. Spatial and Temporal Variation in the Structure of a Fresh-Water Food Web. Oikos 55:299–311."
"Warren, P. H. 1989. Oikos 55: 299-670","Warren, P. H. 1989. Spatial and Temporal Variation in the Structure of a Fresh-Water Food Web. Oikos 55:299–311."
"Warren, P. H. 1989. Oikos 55: 299-671","Warren, P. H. 1989. Spatial and Temporal Variation in the Structure of a Fresh-Water Food Web. Oikos 55:299–311."
"Warren, P. H. 1989. Oikos 55: 299-672","Warren, P. H. 1989. Spatial and Temporal Variation in the Structure of a Fresh-Water Food Web. Oikos 55:299–311."
"Warren, P. H. 1989. Oikos 55: 299-673","Warren, P. H. 1989. Spatial and Temporal Variation in the Structure of a Fresh-Water Food Web. Oikos 55:299–311."
"Warren, P. H. 1989. Oikos 55: 299-675","Warren, P. H. 1989. Spatial and Temporal Variation in the Structure of a Fresh-Water Food Web. Oikos 55:299–311."
"Warren, P. H. 1989. Oikos 55: 299-677","Warren, P. H. 1989. Spatial and Temporal Variation in the Structure of a Fresh-Water Food Web. Oikos 55:299–311."
"Warren, P. H. 1989. Oikos 55: 299-678","Warren, P. H. 1989. Spatial and Temporal Variation in the Structure of a Fresh-Water Food Web. Oikos 55:299–311."
"Warren, P. H. 1989. Oikos 55: 299-679","Warren, P. H. 1989. Spatial and Temporal Variation in the Structure of a Fresh-Water Food Web. Oikos 55:299–311."
"Warren, P. H. 1989. Oikos 55: 299-680","Warren, P. H. 1989. Spatial and Temporal Variation in the Structure of a Fresh-Water Food Web. Oikos 55:299–311."
"Warren, P. H. 1989. Oikos 55: 299-681","Warren, P. H. 1989. Spatial and Temporal Variation in the Structure of a Fresh-Water Food Web. Oikos 55:299–311."
"Warren, P. H. 1989. Oikos 55: 299-682","Warren, P. H. 1989. Spatial and Temporal Variation in the Structure of a Fresh-Water Food Web. Oikos 55:299–311."
"Warren, P. H. 1989. Oikos 55: 299-683","Warren, P. H. 1989. Spatial and Temporal Variation in the Structure of a Fresh-Water Food Web. Oikos 55:299–311."
"Warren, P. H. 1989. Oikos 55: 299-684","Warren, P. H. 1989. Spatial and Temporal Variation in the Structure of a Fresh-Water Food Web. Oikos 55:299–311."
"Warren, unpublished","Warren, unpublished"
"Yodzis (1998)","Yodzis, P. 1998. Local trophodynamics and the interaction of marine mammals and fisheries in the Benguela ecosystem. Journal of Animal Ecology 67:635–658."
