Family and Species      ,Natural host Ficus species,Voucher,Sampling location,Cytb,COI,EF,Wg,28S,18S
Agaonidae,,,,,,,,,
"Agaon fasciatum Waterston, 1914   ",F. cyathistipula cyathistipula,2473_01,Zambia,GQ368056,GQ367961,JN103108,GQ368154, ,GQ367673
"Agaon obtusum Wiebes, 1989   ",F. cyathistipuloides,0450_01,Ivory Coast,JN103132,,,,JN102819 ,
Agaon sp.     ,F. scott-elliotii,0942_01,Ivory Coast,JN103137,,,, ,
Agaon sp.     ,F. preussii,1938_01,Cameroun,GQ368036,GQ367939,JN103058,GQ368132,GQ367843 / GQ367750 ,GQ367649
"Agaon spatulatum Wiebes, 1968   ",F. lyrata,1925_01,Cameroun,GQ368029,GQ367932,JN103051,GQ368125,GQ367836 / GQ367743 ,GQ367641
"Agaon taiense Wiebes, 1989   ",F. tesselata,2189_02,Gabon,GQ368050,GQ367956,,GQ368147,GQ367764,GQ367666
"Alfonsiella longiscapa Joseph, 1959   ",F. natalensis natalensis,2474_01,Mozambique,GQ368057,GQ367962,JN103109,JN102800,GQ367866 / GQ367771,GQ367674
"Alfonsiella pipithiensis van Noort, 2007  ",F. craterostoma,2475_01,South Africa,GQ368058,GQ367963,JN103110,GQ368155,GQ367867 / GQ367772,GQ367675
Alfonsiella sp.     ,F. thonningii,1935_01,Cameroun,GQ368033,GQ367936,JN103055,GQ368128,GQ367840 / GQ367746 ,GQ367645
"Allotriozoon heterandromorphum Grandi, 1916   ",F. lutea,2602_01,South Africa,JN103227,JN103319,JN103118,JN102807,JN102891 / JN102743,JN102975
"Allotriozoon nigeriense Wiebes, 1974   ",F. chlamydocarpa fernandesiana,0988_01,Sao Tome,,,,,JN102826 / JN102679,
"Blastophaga nipponica Grandi, 1921   ",F. erecta,2381_01,Japan,JN103217,JN103309,JN103104,,JN102881,JN102966
"Blastophaga psenes (L., 1758)   ",F. carica,1536_01,France,,GQ367895,JN103013,GQ368085,GQ367799 / GQ367703 ,GQ367602
"Blastophaga quadrupes (Mayr, 1885)   ",F. deltoidea,1879_01,Malaysia,GQ368024,GQ367927,JN103047,GQ368120,GQ367831 / GQ367738 ,GQ367636
Blastophaga sp.     ,F. ischnopoda,1673_01,China,JN103160,JN103262,JN103024,JN102761,JN102842 / JN102696,JN102917
Blastophaga sp.     ,F. stenophylla,1675_01,China,JN103161,JN103263,,JN102762,JN102843 / JN102697,JN102918
Blastophaga sp.     ,F. chapaensis,1757_02,China,GQ368005,,JN103029,GQ368101,GQ367815 / GQ367719 ,GQ367617
Blastophaga sp.     ,F. oleifolia,1992_01,Malaysia,,JN103270,JN103064,JN102773, ,JN102929
"Ceratosolen abnormis Wiebes, 1963   ",F. dammaropsis,8056_01a,Papua New Guinea,,AF200390,,,AY616532,
"Ceratosolen acutatus Mayr, 1906   ",F. vogeliana,0453_21,Ivory Coast,,JN103240,JN102989,JN102750,JN102820 / JN102676,
"Ceratosolen albulus Wiebes, 1963   ",F. uncinata,1328_01,Malaysia,JN103144,JN103248,JN103004,,JN102830 / JN102684,JN102905
"Ceratosolen appendiculatus (Mayr, 1885)   ",F. variegata,1423_01,Australia,GQ367987,JN103252,JN103011,GQ368080,GQ367794 / GQ367698 ,GQ367597
"Ceratosolen arabicus Mayr, 1906   ",F. mucuso,2191_01,Gabon,GQ368052,JN103289,JN103087,GQ368149,GQ367861 / GQ367766,GQ367668
"Ceratosolen armipes Wiebes, 1963   ",F. itoana,1531_01,Papua New Guinea,JN103152,JN103254,,, ,JN102909
"Ceratosolen blommersi Wiebes, 1989   ",F. botryoides,2463_01,Madagascar,JN103219,JN103311,JN103106,JN102798,JN102883 / JN102735,JN102968
"Ceratosolen brongersmai Wiebes, 1963   ",F. treubii,1324_01,Malaysia,JN103143,JN103247,JN103003,,JN102829 / JN102683,JN102904
"Ceratosolen cf. adenospermae Wiebes, 1965  ",F. adenosperma,1246_01,Vanuatu Islands,GQ367969,GQ367873,JN102997,GQ368065, ,GQ367579
"Ceratosolen cf. emarginatus Mayr, 1906  ",F. hainanensis,1606_01,China,JN103154,JN103256,JN103017,JN102759,JN102838 / JN102692,JN102911
"Ceratosolen cf. emarginatus Mayr, 1906  ",F. oligodon,1910_01,China,GQ368027,GQ367930,JN103050,GQ368123,GQ367834 / GQ367741 ,GQ367639
"Ceratosolen cf. hooglandi Wiebes, 1963  ",F. bernaysii,2353_01,Indonesia,JN103213,JN103304,,,JN102878,
"Ceratosolen coecus (Coquerel, 1855)   ",F. mauritiana,0659_23,La RÃ©union,JN103133,JN103241,JN102990,JN102751,JN102821 ,
"Ceratosolen constrictus (Mayr, 1885)   ",F. fistulosa,2286_01,Indonesia,JN103204,JN103295,,,JN102870 / JN102725,JN102954
"Ceratosolen corneri Wiebes, 1963   ",F. botryocarpa,2319_01,Indonesia,JN103209,JN103300,JN103096,,JN102874 / JN102729,JN102958
"Ceratosolen crassitarsus (Mayr, 1885)   ",F. ribes,2193_01,Indonesia,JN103198,JN103290,JN103088,,JN102865 / JN102720,JN102949
"Ceratosolen dentifer Wiebes, 1963   ",F. hispidioides,8053_01a,Papua New Guinea,,AF200387,,,AY616538,
"Ceratosolen emarginatus Mayr, 1906   ",F. auriculata,2654_01,China,JN103236,JN103327,JN103128,,JN102894 / JN102746,JN102985
"Ceratosolen flabellatus Girault, 1916   ",F. sur,1810_01,Burkina Faso,JN103173,JN103267,JN103036,JN102770,JN102846 ,JN102926
"Ceratosolen fusciceps (Mayr, 1885)   ",F. racemosa,2028_01,Indonesia,JN103177,JN103272,JN103066,JN102775, ,JN102931
"Ceratosolen galili Wiebes, 1964   ",F. sycomorus,1532_06,South Africa,GQ367989,GQ367893,JN103012,GQ368083,GQ367797 / GQ367701 ,GQ367600
"Ceratosolen gravelyi Grandi, 1916   ",F. semicordata,0855_12,China,JN103134,JN103243,JN102992,JN102753,JN102823 / JN102678,
"Ceratosolen hewitti Waterston, 1921   ",F. fistulosa,1446_01,China,GQ367989,JN103253,,,JN102836 / JN102690,JN102908
Ceratosolen kaironkensis nom. provis   ,F. microdictya,8503_01a,Papua New Guinea,,AF200392,,, ,
"Ceratosolen medlerianus Wiebes, 1980   ",F. mollior,2312_01,Indonesia,JN103208,JN103299,JN103095,JN102791,JN102873 / JN102728,
"Ceratosolen megacephalus Grandi, 1917   ",F. vallis-choudae,1929_01,Cameroun,GQ368030,GQ367933,JN103052,GQ368126,GQ367837 / GQ367744 ,GQ367642
"Ceratosolen nanus Wiebes, 1963   ",F. pungens,2292_01,Indonesia,JN103206,JN103297,JN103094,, ,JN102956
"Ceratosolen nexilis Wiebes, 1980   ",F. nodosa,2356_01,Indonesia,JN103214,JN103305,JN103100,,JN102879,JN102962
"Ceratosolen notus (Baker, 1913)   ",F. nota,8184_01a,Philippines,,AY014987,,,AY616545,
Ceratosolen riparianus nom. provis   ,F. ochrochlora,8050_01a,Papua New Guinea,,AF200384,,, ,
"Ceratosolen solitarius Wiebes, 1980   ",F. arfakensis,8321_01a,Papua New Guinea,,DQ679084,,, ,
Ceratosolen sp.,F. semivestita,8222_01a,Papua New Guinea,,,,,AY616540,
Ceratosolen sp.     ,F. prostrata,0820_01,China,,JN103242,JN102991,JN102752,JN102822 / JN102677,JN102898
Ceratosolen sp.     ,F. bukitrayaensis,1319_01,Malaysia,JN103141,JN103246,JN103001,,JN102828 / JN102681,JN102902
Ceratosolen sp.     ,F. tikoua,1628_01,China,JN103155,JN103257,,, ,JN102912
Ceratosolen sp.     ,F. squamosa,1658_01,China,JN103158,JN103260,JN103022,,JN102841 / JN102695,JN102915
Ceratosolen sp.     ,F. septica,1683_01,Taiwan,GQ368002,GQ367906,JN103026,GQ368097,GQ367811 / GQ367715 ,GQ367614
Ceratosolen sp.     ,F. heterostyla,1753_01,China,JN103164,JN103264,JN103028,JN102763,JN102698,JN102919
Ceratosolen sp.     ,F. stolonifera,1986_01,Malaysia,GQ368042,GQ367945,JN103062,,GQ367849 / GQ367754 ,GQ367655
Ceratosolen sp.     ,F. hispida,2053_01,Indonesia,JN103178,JN103273,JN103067,,JN102848 / JN102705,JN102932
Ceratosolen sp.     ,F. subcuneata,2195_01,Indonesia,JN103199,GQ367957,JN103089,GQ368150,GQ367862 / GQ367767,GQ367669
Ceratosolen sp.     ,F. pachyrrhachis,2198_01,Indonesia,JN103200,JN103291,JN103090,JN102787,JN102866 / JN102721,JN102950
Ceratosolen sp.     ,F. congesta,2293_01,Indonesia,JN103207,JN103298,,,JN102872 / JN102727,JN102957
Ceratosolen sp.     ,F. arbuscula,2349_01,Indonesia,JN103211,JN103302,JN103098,JN102793,JN102876 / JN102731,JN102960
Ceratosolen sp.     ,F. erythrosperma,2539_01,Solomon Islands,JN103225,JN103317,JN103116,JN102805,JN102889 / JN102741,
Ceratosolen sp.     ,F. adelpha,8320_01a,Papua New Guinea,DQ873815,DQ679081,,, ,
Ceratosolen sp.     ,F. morobensis,8344_01a,Papua New Guinea,DQ873817,DQ679135,,, ,
"Ceratosolen stupefactus Wiebes, 1989   ",F. tiliifolia,1816_01,Madagascar,GQ368011,GQ367914,JN103038,GQ368107,GQ367819 / GQ367725 ,GQ367623
"Ceratosolen vechti Wiebes, 1963   ",F. lepicarpa,1866_01,Malaysia,GQ368018,GQ367921,JN103042,GQ368114,GQ367825 / GQ367732 ,GQ367630.
"Ceratosolen vetustus Wiebes, 1994   ",F. schwarzii,1989_01,Malaysia,GQ368044,GQ367947,JN103063,GQ368139,GQ367851 ,GQ367657
"Ceratosolen vissali Wiebes, 1981   ",F. theophrastoides,2485_01,Solomon Islands,JN103221,JN103313,JN103112,JN102802,JN102885 / JN102737,JN102970
Ceratosolen waliensis nom. provis   ,F. robusta,1380_01,Papua New Guinea,JN103149,JN103250,JN103009,,JN102834 / JN102688,
"Courtella armata (Wiebes, 1974)   ",F. sansibarica sansibarica,2605_01,South Africa,JN103228,JN103320,JN103119,JN102808,JN102744,JN102976
"Courtella bekiliensis (Risbec, 1956)   ",F. polita,1946_01,Madagascar,JN103175,JN103268,JN103059,JN102771,JN102703,JN102927
Courtella burrowsae nom. provis   ,F. modesta,2608_01,South Africa,JN103229,JN103321,JN103120,JN102809, ,JN102977
"Courtella hamifera Kieffer, 1911   ",F. ovata,1930_01,Cameroun,GQ368031,GQ367934,JN103053,GQ368127,GQ367838 ,GQ367643
"Courtella hladikae (Wiebes, 1979)   ",F. artocarpoides,1934_01,Cameroun,GQ368032,GQ367935,JN103054,,GQ367839 / GQ367745 ,GQ367644
"Courtella michaloudi (Wiebes, 1979)   ",F. bubu,1936_01,Cameroun,GQ368035,,JN103056,GQ368130,GQ367748 ,GQ367647
"Courtella scobinifera Waterston, 1920   ",F. ottonifolia lucanda,2614_01,Uganda,JN103230,JN103322,JN103121,JN102810,JN102745,JN102978
Courtella sp.     ,F. bizanae,2615_01,South Africa,,JN103323,JN103122,JN102811, ,JN102979
"Deilagaon annulatae Wiebes, 1977   ",F. annulata,1664_01,China,JN103159,JN103261,JN103023,, ,JN102916
"Deilagaon chrysolepidis Wiebes, 1977   ",F. chrysolepis,1372_04,Indonesia,GQ367977,GQ367881,JN103006,GQ368073,GQ367786 / GQ367689 ,GQ367587
"Dolichoris cf. umbilicata Wiebes, 1979  ",F. polyantha,2352_01,Indonesia,JN103212,JN103303,JN103099,JN102794,JN102877 / JN102732,JN102961
"Dolichoris inornata Wiebes, 1979   ",F. edelfeltii,8059_01a,Papua New Guinea,,AF200395,,,,
"Dolichoris nervosae (Hill, 1967)",F. nervosa,0868_01,China,JN103135,JN103244,JN102993,JN102754,JN102824 ,JN102899
Dolichoris sp.     ,F. habrophylla,1229_01,New Caledonia,GQ367966,GQ367869,JN102996,GQ367774,GQ367774 / GQ367677 ,GQ367575
Dolichoris sp.     ,F. racemigera,1276_01,New Caledonia,GQ367973,GQ367878,JN103000,GQ368070,GQ367782 / GQ367685 ,GQ367584
Dolichoris sp.     ,F. sp,2335_01,Indonesia,JN103210,JN103301,JN103097,JN102792,JN102875 / JN102730,JN102959
Dolichoris sp.     ,F. subtrinervia,2368_01,Indonesia,,JN103307,JN103102,JN102795, ,JN102964
"Elisabethiella baijnathi Wiebes, 1989   ",F. burtt-davyi,2619_01,South Africa,JN103231,,JN103123,JN102812, ,JN102980
"Elisabethiella bergi Wiebes, 1989   ",F. trichopoda,2622_01,South Africa,JN103232,JN103324,JN103124,JN102813, ,JN102981
"Elisabethiella glumosae Wiebes, 1989   ",F. glumosa,1937_01,Cameroun,JN103174,GQ367938,JN103057,GQ368131,GQ367842 / GQ367749 ,GQ367648
"Elisabethiella platyscapa Wiebes, 1989   ",F. fischeri,2476_01,Zambia,GQ368059,GQ367964,JN103111,JN102801,GQ367868 / GQ374459,GQ374458
"Elisabethiella reflexa Wiebes, 1975   ",F. reflexa,1813_01,Madagascar,GQ368010,GQ367913,JN103037,GQ368106,GQ367818 / GQ367724 ,GQ367622
Elisabethiella sp.     ,F. usambarensis,2633_01,Zambia,JN103233,JN103325,JN103125,JN102814, ,JN102982
"Elisabethiella stuckenbergi Grandi, 1955   ",F. lingua depauperata,2635_01,Mozambique,JN103234,JN103326,JN103126,,JN102892,JN102983
"Elisabethiella stuckenbergi Grandi, 1955   ",F. burkei,2637_01,South Africa,JN103235,,JN103127,JN102815,JN102893,JN102984
"Eupristina altissima Bala.  & Abd., 1981",F. altissima,1599_01,China,GQ367994,GQ367899,JN103016,GQ368089,GQ367803 / GQ367707 ,GQ367606
"Eupristina cf. longispina Wiebes, 1992  ",F. cordatula,2059_01,Indonesia,JN103179,JN103274,JN103068,JN102776,JN102849 / JN102706,JN102933
"Eupristina cyclostigma Wiebes, 1992   ",F. stricta,1611_01,China,GQ367995,GQ367900,JN103018,GQ368090,GQ367804 / GQ367708 ,GQ367607
"Eupristina koningsbergeri Grandi, 1916   ",F. benjamina,1875_01,Malaysia,GQ368021,GQ367924,JN103045,GQ368117,GQ367828 / GQ367735 ,GQ367633
"Eupristina masoni Saunders, 1883   ",F. benghalensis,1294_01,Singapore,,JN103245,,JN102757,JN102827 / JN102680,JN102901
Eupristina sp.     ,F. maclellandi,1594_01,China,GQ367993,GQ367898,JN103015,GQ368088,GQ367802 / GQ367706 ,GQ367605
"Kradibia cf. nigricorpus (Girault, 1915)  ",F. opposita,2375_01,Indonesia,JN103216,JN103308,JN103103,JN102796, ,JN102965
"Kradibia copiosae Wiebes, 1980   ",F. copiosa,2492_01,Solomon Islands,JN103222,JN103314,JN103113,JN102803,JN102886 / JN102738,JN102971
"Kradibia gestroi afrum (Wiebes, 1969)  ",F. exasperata,2186_01,Gabon,JN103196,GQ367955,JN103085,GQ368146,GQ367859 / GQ367763,GQ367665
"Kradibia gestroi afrum (Wiebes, 1969)  ",F. asperifolia,2217_01,Gabon,JN103201,JN103292,JN103091,JN102788,JN102867 / JN102722,JN102951
"Kradibia gestroi afrum (Wiebes, 1969)  ",F. capreifolia,8232_01a,Zimbabwe,,AY014983,,,AY616560,
"Kradibia giacominii (Grandi, 1926)   ",F. obscura,2010_01,Malaysia,JN103176,JN103271,JN103065,JN102774,JN102847 / JN102704,JN102930
"Kradibia jacobsi (Wiebes, 1964)   ",F. conocephalifolia,8233_01a,Papua New Guinea,,AF200399,,,AY616561,
Kradibia ohuensis nom. provis   ,F. trachypison,1375_01,Papua New Guinea,JN103147,,JN103007,,JN102832 ,
"Kradibia rutherfordi (Waterston, 1920)   ",F. tinctoria,1868_01,Malaysia,GQ368019,GQ367922,JN103043,GQ368115,GQ367826 / GQ367733 ,GQ367631
Kradibia salembensis nom. provis   ,F. phaeosyce,8235_01a,Papua New Guinea,,AF200401,,,AY616563,
"Kradibia saundersi Wiebes, 1990   ",F. politoria,2466_01,Madagascar,JN103220,JN103312,JN103107,JN102799,JN102884 / JN102736,JN102969
"Kradibia sessilis (Hill, 1969)   ",F. virgata sessilis,1263_01,New Caledonia,GQ367972,GQ367877,JN102999,JN102756,GQ367781 / GQ367684 ,GQ367583
Kradibia sp.     ,F. sp nr subulata,1650_01,China,JN103156,JN103258,JN103020,JN102760,JN102839 / JN102693,JN102913
Kradibia sp.     ,F. cyrtophylla,1654_01,China,JN103157,JN103259,JN103021,,JN102840 / JN102694,JN102914
Kradibia sp.     ,F. parietalis,1864_01,Malaysia,GQ368017,GQ367920,JN103041,GQ368113,GQ367824 / GQ367731 ,GQ367629
Kradibia sp.     ,F. gul,2081_01,Indonesia,JN103181,JN103275,JN103070,,JN102850 / JN102707,JN102934
Kradibia sp.     ,F. melinocarpa,2362_01,Indonesia,JN103215,JN103306,JN103101,,JN102880 / JN102733,JN102963
"Kradibia subulatae (Hill, 1969)   ",F. subulata,1764_01,China,JN103165,JN103265,JN103030,JN102764,JN102844 / JN102699,JN102920
"Kradibia sumatrana Grandi, 1926   ",F. ampelas,2125_01,Japan,JN103186,JN103280,JN103075,,JN102855 / JN102712,JN102939
"Kradibia wassae Wiebes, 1980   ",F. wassa,2500_01,Solomon Islands,JN103223,JN103315,JN103114,,JN102887 / JN102739,JN102972
"Nigeriella excavata Compton, 1990   ",F. tettensis,1534_01,South Africa,GQ367990,GQ367894,,GQ368084,GQ367798 / GQ367702 ,GQ367601
"Nigeriella fuscipes Wiebes, 1974   ",F. abutilifolia,1765_05,Burkina Faso,GQ368007,,JN103031,GQ368103,GQ367816 / GQ367721. ,GQ367619
"Pegoscapus bagataensis Jansen & Sarmiento, 2007 ",F. andicola,1682_01,Colombia,GQ368001,GQ367905,JN103025,GQ368096,GQ367810 / GQ367714 ,GQ367613
"Pegoscapus carlosi (Ramirez, 1970)   ",F. tuerckheimii,1797_01,Mexico,JN103170,,,, ,JN102924
"Pegoscapus cf. amabilis (Grandi, 1938)  ",F. nymphaeifolia,1778_01,French Guiana,JN103167,,JN103032,JN102765,JN102700,JN102921
"Pegoscapus cf. cabrerai (Blanchard, 1944)  ",F. luschnatiana,2158_01,Brazil,JN103189,JN103283,JN103078,,JN102857,JN102941
"Pegoscapus cf. hoffmeyeri (Grandi, 1934)  ",F. obtusifolia,2160_01,Brazil,JN103190,JN103284,JN103079,JN102782,JN102858 / JN102714,JN102942
"Pegoscapus cf. longiceps Cameron, 1906  ",F. dugandi,0964_01,Panama,JN103138,,JN102995,, ,
"Pegoscapus cf. obscurus (Kirby, 1890)  ",F. longifolia,2165_01,Brazil,JN103192,JN103286,JN103081,JN102784,JN102860 / JN102715,JN102944
"Pegoscapus estherae (Grandi, 1919)   ",F. costaricana,1364_04,Costa Rica,JN103145,,,, ,
"Pegoscapus gemellus Wiebes, 1995  ",F. bullenei,8193_01a,Panama,,AY148134,,, ,
"Pegoscapus gemellus Wiebes, 1995   ",F. popenoei,8172_01a,Panama,,AY014969,,,AY616567,
"Pegoscapus herrei Wiebes, 1995   ",F. paraensis,1393_01,Brazil,JN103150,JN103251,JN103010,,JN102835 / JN102689,
"Pegoscapus insularis (Ashmead, 1900)   ",F. perforata,2177_01,Costa Rica,JN103194,,JN103083,,JN102862 / JN102717,JN102946
"Pegoscapus jimenezi (Grandi, 1919)   ",F. aurea,8030_01a,Mexico,,AB308348,,, ,
"Pegoscapus oroczoi (Ramirez, 1970)   ",F. colubrinae,2282_02,Costa Rica,JN103203,JN103294,JN103093,,JN102869 / JN102724,JN102953
Pegoscapus sp.     ,F. palmeri,1799_01,Mexico,JN103171,,JN103034,JN102768,JN102701,JN102925
Pegoscapus sp.     ,F. petiolaris,1803_01,Mexico,JN103172,,JN103035,JN102769,JN102702,
Pegoscapus sp.     ,F. eximia,2136_01,Brazil,JN103187,JN103281,JN103076,JN102780,JN102856 ,JN102940
Pegoscapus sp.     ,F. trigonata,2140_01,Brazil,JN103188,JN103282,JN103077,JN102781,JN102713,
Pegoscapus sp.     ,F. pertusa,2162_01,Brazil,JN103191,JN103285,JN103080,JN102783,JN102859,JN102943
Pegoscapus sp.     ,F. davidsoniae,2276_01,Costa Rica,JN103202,JN103293,JN103092,JN102789,JN102868 / JN102723,JN102952
Pegoscapus sp.     ,F. crocata,2674_01,Brazil,JN103237,JN103328,JN103129,JN102816,JN102895 / JN102747,JN102986
Pegoscapus sp.     ,F. trigona,2686_01,Brazil,JN103238,JN103329,JN103130,JN102817,JN102896 / JN102748,JN102987
"Pegoscapus standleyi (Ramirez, 1970)   ",F. americana,8024_01a,Mexico,,AB308342,,, ,
"Pegoscapus tonduzi Grandi, 1919   ",F. citrifolia,1954_01,Costa Rica,,JN103269,JN103061,JN102772, ,JN102928
"Platyscapa bergi Wiebes, 1986   ",F. menabeensis,1820_01,Madagascar,GQ368012,GQ367915,JN103039,GQ368108,GQ367820 / GQ367726 ,GQ367624
"Platyscapa cf. hsui Chen & Chou, 1997",F. subpisocarpa,2120_01,Japan,JN103185,JN103279,JN103074,JN102779,JN102854 / JN102711,JN102938
"Platyscapa coronata (Grandi, 1928)   ",F. virens,2289_01,Indonesia,JN103205,JN103296,,JN102790,JN102871 / JN102726,JN102955
"Platyscapa hsui Chen & Chou, 1997 ",F. caulocarpa,2420_01,Taiwan,JN103218,JN103310,JN103105,JN102797,JN102882 / JN102734,JN102967
"Platyscapa quadraticeps (Mayr, 1885)   ",F. religiosa,1752_01,China,JN103163,GQ367908,,GQ368099,GQ367813 / GQ367717 ,GQ367616
"Platyscapa soraria Wiebes, 1980   ",F. ingens,0227_01,South Africa,JN103131,JN103239,JN102988,JN102749,JN102818 / JN102675,JN102897
Platyscapa sp.     ,F. glaberrima,1629_01,China,GQ367999,GQ367903,JN103019,GQ368094,GQ367808 / GQ367712 ,GQ367611
Platyscapa sp.     ,F. concinna,2100_01,Indonesia,JN103184,JN103278,JN103073,,JN102853 / JN102710,JN102937
"Pleistodontes athysanus Lopez-Vaamonde & Rasplus, 2002 ",F. brachypoda,8124_01a,Australia,AJ298423,,,,AJ275069,
"Pleistodontes cf. blandus Wiebes, 1963  ",F. glandifera,1252_02,Vanuatu Islands,,GQ367875,JN102998,GQ368067,GQ367779 / GQ367682 ,GQ367581
"Pleistodontes cuneatus Wiebes, 1991   ",F. platypoda,8137_01a,Australia,AJ298425,,,,AJ275071,
"Pleistodontes froggatti Mayr, 1906   ",F. macrophylla,1397_01,Australia,GQ367979,GQ367883,,,GQ367788 / GQ367691 ,GQ367589
"Pleistodontes greenwoodi (Grandi, 1928)   ",F. obliqua,1422_01,Australia,GQ367985,GQ367889,,GQ368078,GQ367792 / GQ367696 ,GQ367595
"Pleistodontes imperialis Saunders, 1883   ",F. rubiginosa,1396_01,Australia,GQ367978,GQ367882,,GQ368074,GQ367787 / GQ367690 ,GQ367588
"Pleistodontes nigriventris (Girault, 1915)   ",F. watkinsiana,8145_01a,Australia,AJ298436,,,,AJ275084,
"Pleistodontes nitens Girault, 1915   ",F. crassipes,1416_02,Australia,GQ367982,GQ367886,,,GQ367790 / GQ367693 ,GQ367592
"Pleistodontes plebejus Wiebes, 1963   ",F. hesperidiiformis,8146_01a,Papua New Guinea,AJ298438,AF200407,,,AJ275088,
"Pleistodontes proximus Wiebes, 1990   ",F. lilliputiana,8139_01a,Australia,AJ298428,,,,AJ275074,
"Pleistodontes regalis Grandi, 1952   ",F. pleurocarpa,1554_01,Australia,JN103153,JN103255,JN103014,,JN102837 / JN102691,JN102910
"Pleistodontes rieki Wiebes, 1963   ",F. xylosycia,8130_01a,Papua New Guinea,AJ298432,,,,AJ275081,
"Pleistodontes rigisamos Wiebes, 1991   ",F. destruens,1410_01,Australia,GQ367980,GQ367884,,GQ368075,GQ367789 / GQ367692 ,GQ367590
"Pleistodontes schizodontes Lopez-Vaamonde & Rasplus, 2002 ",F. triradiata,8127_01a,Australia,,,,,AJ275077,
"Tetrapus americanus Mayr, 1885   ",F. maxima,1331_01,French Guiana,GQ367975,GQ367880,JN103005,GQ368072,GQ367784 / GQ367687,
"Tetrapus costaricanus Grandi, 1925   ",F. insipida,1785_01,French Guiana,JN103168,JN103266,JN103033,JN102766,JN102845 ,JN102922
"Tetrapus ecuadoranus Grandi, 1934   ",F. yoponensis,2180_01,Costa Rica,GQ368049,GQ367953,JN103084,,GQ367857 / GQ367761,GQ367663
Tetrapus sp.     ,F. lapathifolia,1796_01,Mexico,JN103169,,,JN102767,,JN102923
Tetrapus sp.     ,F. tonduzii,1953_01,Costa Rica,GQ368039,GQ367942,JN103060,GQ368135,GQ367846 / GQ367752 ,GQ367652
Tetrapus sp.     ,F. adhatodifolia,2166_01,Brazil,JN103193,JN103287,JN103082,,JN102861 / JN102716,JN102945
Tetrapus sp.     ,F. glabrata,2178_01,Costa Rica,JN103195,,,JN102785,JN102863 / JN102718,JN102947
"Valisia auratae (Wiebes, 1983)   ",F. aurata,0967_01,Brunei,JN103139,,,, ,
"Valisia cf. filippina (Wiebes, 1993)  ",F. ruficaulis,2098_01,Indonesia,JN103183,JN103277,JN103072,JN102778,JN102852 / JN102709,JN102936
"Valisia compacta (Wiebes, 1993)   ",F. fulva,2087_01,Indonesia,JN103182,JN103276,JN103071,JN102777,JN102851 / JN102708,JN102935
"Valisia intermedia (Grandi, 1926)   ",F. padana,8039_01a,Indonesia,,AF200372,,,AY616527,
"Valisia javana hilli (Wiebes, 1993)  ",F. hirta,1745_01,China,GQ368003,GQ367907,JN103027,GQ368098,GQ367812 / GQ367716 ,GQ367615
"Valisia malayana (Wiebes, 1993)   ",F. grossularioides,2556_01,Singapore,JN103226,JN103318,JN103117,JN102806,JN102890 / JN102742,JN102974
"Waterstoniella brevigena Wiebes, 1992   ",F. pellucidopunctata,8068_01a,Indonesia,,AF200410,,,AY616570,
"Waterstoniella cf. calcaria Wiebes, 1992  ",F. sumatrana,1878_01,Malaysia,GQ368023,GQ367926,JN103046,GQ368119,GQ367830 / GQ367737 ,GQ367635
"Waterstoniella malayana Wiebes, 1992   ",F. consociata,1871_01,Malaysia,GQ368020,GQ367923,JN103044,GQ368116,GQ367827 / GQ367734 ,GQ367632
Waterstoniella sp.     ,F. callophylla,0926_01,Brunei,JN103136,,JN102994,,JN102825 ,
Waterstoniella sp.     ,F. spathulifolia,1204_01,Brunei,JN103140,,,JN102755, ,JN102900
Waterstoniella sp.     ,F. soepadmoi,1321_02,Malaysia,JN103142,,JN103002,JN102758,JN102682,JN102903
Waterstoniella sp.     ,F. forstenii,2066_01,Indonesia,JN103180,GQ367951,JN103069,GQ368143,GQ367855 / GQ367759 ,GQ367661
Waterstoniella sp.     ,F. paracamptophylla,8237_01a,Brunei,,AY642462,,,AY616572,
"Wiebesia boldinghi (Grandi, 1916)   ",F. lanata,2188_01,Indonesia,JN103197,JN103288,JN103086,JN102786,JN102864 / JN102719,JN102948
Wiebesia brusi nom. provis   ,F. baeuerlenii,8070_01a,Papua New Guinea,,AF200412,,,AY616575,
"Wiebesia cf. callida (Grandi, 1927)  ",F. sarmentosa var. henryi,1676_01,China,JN103162,,,, ,
"Wiebesia flava Wiebes, 1993   ",F. sagittata,1372_06,Indonesia,JN103146,JN103249,,,JN102686,JN102906
Wiebesia frustrata nom. provis   ,F. odoardii,1376_01,Papua New Guinea,JN103148,,JN103008,,JN102833 / JN102687,JN102907
"Wiebesia pumilae (Hill, 1967)   ",F. pumila,1836_01,Japan,GQ368014,GQ367917,JN103040,GQ368110,GQ367728 ,GQ367626
"Wiebesia punctatae Wiebes, 1993   ",F. punctata,8239_01a,Malaysia,,AY014992,,,AY616578,
Wiebesia sp.     ,F. sp nr recurva,1904_01,Malaysia,GQ368025,GQ367928,JN103048,GQ368121,GQ367832 / GQ367739 ,GQ367637
Wiebesia sp.     ,F. aurantiacea,1905_01,Malaysia,GQ368026,GQ367929,JN103049,GQ368122,GQ367833 / GQ367740 ,GQ367638
Wiebesia sp.     ,F. sp,2533_01,Solomon Islands,JN103224,JN103316,JN103115,JN102804,JN102888 / JN102740,JN102973
Eurytomidae,,,,,,,,,
Ficomila sp.     ,F. variegata,1987_02,Malaysia,GQ368043,GQ367946,HM770520,GQ368138,GQ367850 / GQ367755,GQ367656
Sycophaginae,,,,,,,,,
"Sycophaga cyclostigma Waterston, 1916   ",F. sur,1940_02,Cameroun,GQ368038,GQ367941,,GQ368134,GQ367845,GQ367651
Torymidae,,,,,,,,,
Megastigmus sp.     ,F. virgata sessilis,1259_03,New Caledonia,GQ367971,GQ367876,HM770502,GQ368068,GQ367780 / GQ367683,GQ367582
Trichogrammatidae,,,,,,,,,
"Trichogramma evanescens Westwood, 1833   ",,2472_01,France,GQ368055,GQ367960,GQ368153,GQ368153,GQ367865 / GQ367770,GQ367672
